Quarter,Ticker,Net Profit Margin %,Operating Margin %,EPS (Basic),P/E Ratio,Return on Equity,EBITDA Margin %,Debt to Equity Ratio,Current Ratio,Working Capital Turnover,USD Exchange Rate,FDI:GDP %,GDP Growth %,Sectoral IIP,Sectoral IIP (Growth Rate),Inflation,Interest Rate,Next Quarter Adj Close,Inter Quarter Gain %
Q1-14,ACC.ns,7.977,52.329,12.95,99.846,2.921,11.617,0,0.967,-23.896,59.797,1.956,8.02,117.9,5.803,7.85,8,1278.477539,-0.11
Q2-14,ACC.ns,6.915,51.273,10.26,136.053,2.307,9.827,0,0.967,-21.775,60.606,2.088,8.7,114.733,5.389,6.675,8,1450.143066,13.43
Q3-14,ACC.ns,11.739,49.131,17.38,86.263,3.946,5.54,0,0.967,-21.937,61.933,1.797,5.92,116.6,8.836,4.051,8,1310.583862,-9.62
Q4-14,ACC.ns,8.038,54.796,12.6,123.845,2.754,17.231,0,0.899,-7.541,62.238,2.345,7.11,118.567,0.339,5.272,7.5,1170.287109,-10.7
Q1-15,ACC.ns,4.353,57.484,7.11,201.646,1.531,6.371,0,0.899,-7.739,63.471,2.663,7.59,120.467,2.177,5.092,7.25,1188.265259,1.54
Q2-15,ACC.ns,4.201,51.824,6.14,225.961,1.367,6.142,0,0.899,-7.161,64.975,1.915,8.03,117.533,2.44,3.949,6.75,1054.772949,-11.23
Q3-15,ACC.ns,3.5,49.847,5.45,253.138,1.183,4.935,0,0.899,-7.438,65.924,3.235,7.2,114.933,-1.429,5.339,6.75,1357.239624,28.68
Q4-15,ACC.ns,7.929,54.353,12.34,100.49,2.636,11.839,0,1.005,155.618,67.504,2.531,9.09,125.2,5.595,5.259,6.75,1517.679932,11.82
Q1-16,ACC.ns,8.266,53.593,12.74,113.277,2.745,11.703,0,1.005,155.463,66.891,1.33,8.68,126.467,7.601,5.667,6.5,1199.374023,-20.97
Q2-16,ACC.ns,3.356,52.489,4.37,386.43,0.96,5.849,0,1.005,133.955,66.962,3.084,9.67,123.033,7.048,5.163,6.5,1261.111816,5.15
Q3-16,ACC.ns,3.273,51.919,4.84,313.368,0.998,5.678,0,1.005,142.72,67.425,2.889,8.58,121.433,-3.009,3.749,6.25,1462.630737,15.98
Q4-16,ACC.ns,6.743,53.533,11.24,125.756,2.234,9.13,0,1.18,3.595,67.011,1.898,6.29,128.967,-7.683,3.569,6.25,1615.265869,10.44
Q1-17,ACC.ns,9.755,57.475,17.37,93.641,3.454,15.104,0,1.18,3.842,64.458,2.079,6.11,128.733,1.792,2.202,6.25,1506.120483,-6.76
Q2-17,ACC.ns,5.895,52.315,9.67,179.235,1.912,8.693,0,1.18,3.519,64.288,2.954,5.32,126.067,2.465,2.976,6,1465.620728,-2.69
Q3-17,ACC.ns,5.929,51.985,10.95,165.251,2.165,9.665,0,1.18,3.963,64.729,1.18,6.67,131.767,8.509,4.555,6,1223.209106,-16.54
Q4-17,ACC.ns,6.956,54.131,13.33,128.676,2.349,10.993,0,1.42,1.798,64.344,1.575,8.93,139.7,15.966,4.594,6,1511.893555,23.6
Q1-18,ACC.ns,8.672,55.656,17.5,90.694,3.103,13.494,0,1.42,1.905,66.99,2.6,7.56,139.7,8.323,4.791,6.25,1370.506836,-9.35
Q2-18,ACC.ns,6.144,54.358,11.14,137.32,1.963,9.676,0,1.42,1.7,70.152,2.065,6.49,137.3,6.655,3.854,6.5,1312.199219,-4.25
Q3-18,ACC.ns,19.252,51.635,39,35.251,6.926,9.572,0,1.42,1.915,72.073,2.141,6.33,141.833,12.507,2.604,6.5,1555.486084,18.54
Q4-18,ACC.ns,8.905,52.764,18.42,77.272,2.97,14.046,0,1.604,1.357,70.478,1.856,5.84,147.9,12.244,2.465,6.25,1428.629028,-8.16
Q1-19,ACC.ns,11.155,56.037,24.26,67.273,3.923,16.989,0,1.604,1.431,69.546,3.369,5.39,140.2,0.358,3.072,5.75,1430.791138,0.15
Q2-19,ACC.ns,8.645,55.682,16.11,96.859,2.595,13.183,0,1.604,1.221,70.429,2.064,4.61,132.8,-3.277,3.473,5.4,1241.572998,-13.22
Q3-19,ACC.ns,6.761,48.621,14.55,107.77,2.325,11.026,0,1.604,1.4,71.228,2.618,3.28,136.933,-3.455,5.835,5.15,1193.963013,-3.83
Q4-19,ACC.ns,9.344,54.971,17.2,87.477,2.526,14.111,0,1.759,0.942,72.384,2.877,3.01,136.433,-7.753,6.668,4.4,1276.488159,6.91
Q1-14,ADANIPORTS.ns,46.319,82.646,2.74,68.686,6.581,65.383,1.334,2.203,0.384,59.797,1.956,8.02,117.9,5.803,7.85,8,278.4777832,3.01
Q2-14,ADANIPORTS.ns,39.886,82.174,2.77,94.061,6.572,71.166,1.334,2.203,0.445,60.606,2.088,8.7,114.733,5.389,6.675,8,332.206543,19.29
Q3-14,ADANIPORTS.ns,33.382,78.845,2.47,115.648,5.839,54.419,1.334,2.203,0.472,61.933,1.797,5.92,116.6,8.836,4.051,8,310.7150574,-6.47
Q4-14,ADANIPORTS.ns,39.517,81.696,3.19,106.912,6.122,59.88,1.407,1.249,1.23,62.238,2.345,7.11,118.567,0.339,5.272,7.5,342.1135864,10.11
Q1-15,ADANIPORTS.ns,36.588,81.612,3.09,102.767,5.807,59.779,1.407,1.249,1.26,63.471,2.663,7.59,120.467,2.177,5.092,7.25,257.9446716,-24.6
Q2-15,ADANIPORTS.ns,36.55,80.992,3.27,99.388,6.117,58.697,1.407,1.249,1.329,64.975,1.915,8.03,117.533,2.44,3.949,6.75,189.3198547,-26.6
Q3-15,ADANIPORTS.ns,39.465,79.52,3.26,90.874,6.2,56.563,1.407,1.249,1.248,65.924,3.235,7.2,114.933,-1.429,5.339,6.75,184.9405518,-2.31
Q4-15,ADANIPORTS.ns,46.909,82.659,4.39,48.349,6.595,64.252,1.403,0.894,-2.268,67.504,2.531,9.09,125.2,5.595,5.259,6.75,254.2310028,37.47
Q1-16,ADANIPORTS.ns,45.001,80.382,4.04,58.96,6.055,63.059,1.403,0.894,-2.17,66.891,1.33,8.68,126.467,7.601,5.667,6.5,268.6853027,5.69
Q2-16,ADANIPORTS.ns,49.816,83.384,5.26,44.183,8.026,64.48,1.403,0.894,-2.599,66.962,3.084,9.67,123.033,7.048,5.163,6.5,291.7444458,8.58
Q3-16,ADANIPORTS.ns,37.707,81.835,4.1,74.878,6.217,57.047,1.403,0.894,-2.659,67.425,2.889,8.58,121.433,-3.009,3.749,6.25,327.7593079,12.34
Q4-16,ADANIPORTS.ns,52.043,81.655,5.63,52.105,6.564,74.612,1.192,1.816,0.417,67.011,1.898,6.29,128.967,-7.683,3.569,6.25,379.9204102,15.91
Q1-17,ADANIPORTS.ns,25.703,84.924,3.4,96.382,3.988,55.261,1.192,1.816,0.513,64.458,2.079,6.11,128.733,1.792,2.202,6.25,386.071167,1.62
Q2-17,ADANIPORTS.ns,36.844,85.12,4.79,82.651,5.636,64.327,1.192,1.816,0.506,64.288,2.954,5.32,126.067,2.465,2.976,6,396.1109619,2.6
Q3-17,ADANIPORTS.ns,37.228,85.098,4.8,89.656,5.658,71.027,1.192,1.816,0.502,64.729,1.18,6.67,131.767,8.509,4.555,6,380.3965149,-3.97
Q4-17,ADANIPORTS.ns,29.189,86.852,4.48,95.725,4.375,53.949,1,3.565,0.31,64.344,1.575,8.93,139.7,15.966,4.594,6,371.6662598,-2.3
Q1-18,ADANIPORTS.ns,28.925,81.692,3.34,121.946,3.284,48.785,1,3.565,0.235,66.99,2.6,7.56,139.7,8.323,4.791,6.25,356.4787292,-4.09
Q2-18,ADANIPORTS.ns,23.552,81.476,2.92,136.901,2.893,41.998,1,3.565,0.254,70.152,2.065,6.49,137.3,6.655,3.854,6.5,317.677002,-10.88
Q3-18,ADANIPORTS.ns,50.248,83.685,6.8,46.89,6.682,78.384,1,3.565,0.275,72.073,2.141,6.33,141.833,12.507,2.604,6.5,405.9558411,27.79
Q4-18,ADANIPORTS.ns,42.635,83.194,6.21,54.533,5.32,67.977,1.063,1.413,0.72,70.478,1.856,5.84,147.9,12.244,2.465,6.25,356.5274963,-12.18
Q1-19,ADANIPORTS.ns,36.811,81.278,4.94,79.514,4.164,67.21,1.063,1.413,0.653,69.546,3.369,5.39,140.2,0.358,3.072,5.75,372.6633301,4.53
Q2-19,ADANIPORTS.ns,37.544,80.659,5.09,74.175,4.288,49.853,1.063,1.413,0.659,70.429,2.064,4.61,132.8,-3.277,3.473,5.4,333.7924194,-10.43
Q3-19,ADANIPORTS.ns,40.662,83.281,6.66,59.429,5.491,66.131,1.063,1.413,0.78,71.228,2.618,3.28,136.933,-3.455,5.835,5.15,315.8444824,-5.38
Q4-19,ADANIPORTS.ns,11.792,79.453,1.65,223.879,1.348,21.538,1.081,1.926,0.41,72.384,2.877,3.01,136.433,-7.753,6.668,4.4,350.8445435,11.08
Q1-14,AMBUJACEM.ns,15.102,65.471,2.64,74.905,4.045,22.233,0.002,1.905,0.95,59.797,1.956,8.02,117.9,5.803,7.85,8,196.5211792,12.42
Q2-14,AMBUJACEM.ns,10.928,63.628,1.54,134.026,2.366,16.081,0.002,1.905,0.768,60.606,2.088,8.7,114.733,5.389,6.675,8,230.328949,17.2
Q3-14,AMBUJACEM.ns,13.812,58.935,2.12,107.382,3.252,12.405,0.002,1.905,0.835,61.933,1.797,5.92,116.6,8.836,4.051,8,203.1032104,-11.82
Q4-14,AMBUJACEM.ns,13.103,63.576,2.05,121.341,3.082,18.448,0.002,2.03,0.73,62.238,2.345,7.11,118.567,0.339,5.272,7.5,177.1169434,-12.79
Q1-15,AMBUJACEM.ns,9.08,63.7,1.46,159.178,2.196,13.678,0.002,2.03,0.75,63.471,2.663,7.59,120.467,2.177,5.092,7.25,170.0220032,-4.01
Q2-15,AMBUJACEM.ns,7.33,64.629,0.99,234.646,1.49,10.929,0.002,2.03,0.631,64.975,1.915,8.03,117.533,2.44,3.949,6.75,160.6618195,-5.51
Q3-15,AMBUJACEM.ns,4.668,61.547,0.71,291.479,1.067,10.475,0.002,2.03,0.709,65.924,3.235,7.2,114.933,-1.429,5.339,6.75,196.4481659,22.27
Q4-15,AMBUJACEM.ns,2.224,66.575,0.27,723.519,0.276,8.059,0.001,1.228,3.077,67.504,2.531,9.09,125.2,5.595,5.259,6.75,239.066452,21.69
Q1-16,AMBUJACEM.ns,15.722,67.806,2.57,85.992,2.064,22.314,0.001,1.228,3.25,66.891,1.33,8.68,126.467,7.601,5.667,6.5,182.3871002,-23.71
Q2-16,AMBUJACEM.ns,13.821,65.039,1.4,193.75,1.431,18.303,0.001,1.228,2.563,66.962,3.084,9.67,123.033,7.048,5.163,6.5,198.4368744,8.8
Q3-16,AMBUJACEM.ns,8.007,63.161,0.89,271.236,0.909,9.738,0.001,1.228,2.809,67.425,2.889,8.58,121.433,-3.009,3.749,6.25,208.7328796,5.19
Q4-16,AMBUJACEM.ns,9.732,63.241,1.24,184.718,1.234,13.817,0.001,1.335,1.832,67.011,1.898,6.29,128.967,-7.683,3.569,6.25,243.8184814,16.81
Q1-17,AMBUJACEM.ns,13.893,66.336,1.98,124.192,1.964,19.946,0.001,1.335,2.041,64.458,2.079,6.11,128.733,1.792,2.202,6.25,229.7037048,-5.79
Q2-17,AMBUJACEM.ns,11.744,60.419,1.37,192.08,1.364,15.828,0.001,1.335,1.677,64.288,2.954,5.32,126.067,2.465,2.976,6,220.8218079,-3.87
Q3-17,AMBUJACEM.ns,12.474,66.172,1.7,165.588,1.694,16.441,0.001,1.335,1.961,64.729,1.18,6.67,131.767,8.509,4.555,6,179.7376404,-18.61
Q4-17,AMBUJACEM.ns,9.494,64.493,1.37,191.095,1.293,14.622,0.002,1.545,1.414,64.344,1.575,8.93,139.7,15.966,4.594,6,214.8016815,19.51
Q1-18,AMBUJACEM.ns,16.549,65.47,2.51,99.861,2.376,22.441,0.002,1.545,1.49,66.99,2.6,7.56,139.7,8.323,4.791,6.25,193.5306549,-9.9
Q2-18,AMBUJACEM.ns,6.833,60.935,0.9,256.333,0.85,10.345,0.002,1.545,1.291,70.152,2.065,6.49,137.3,6.655,3.854,6.5,188.7246399,-2.48
Q3-18,AMBUJACEM.ns,18.767,61.878,2.71,72.749,2.557,12.305,0.002,1.545,1.414,72.073,2.141,6.33,141.833,12.507,2.604,6.5,206.6942139,9.52
Q4-18,AMBUJACEM.ns,14.585,61.279,2.15,97.628,1.923,19.54,0.002,1.54,1.219,70.478,1.856,5.84,147.9,12.244,2.465,6.25,181.372818,-12.25
Q1-19,AMBUJACEM.ns,13.835,64.102,2.08,106.01,1.856,21.002,0.002,1.54,1.241,69.546,3.369,5.39,140.2,0.358,3.072,5.75,183.4343872,1.14
Q2-19,AMBUJACEM.ns,8.934,62.67,1.18,171.102,1.057,14.076,0.002,1.54,1.094,70.429,2.064,4.61,132.8,-3.277,3.473,5.4,183.792923,0.2
Q3-19,AMBUJACEM.ns,14.506,61.686,2.29,88.341,2.049,14.807,0.002,1.54,1.306,71.228,2.618,3.28,136.933,-3.455,5.835,5.15,171.6924286,-6.58
Q4-19,AMBUJACEM.ns,14.115,65.137,2.01,101.741,1.964,19.574,0.002,0.975,-25.085,72.384,2.877,3.01,136.433,-7.753,6.668,4.4,192.222229,11.96
Q1-14,ASHOKLEY.ns,-1.97,15.287,-0.18,-123.611,-1.078,1.474,0.873,0.841,-3.33,59.797,1.956,8.02,117.9,5.803,7.85,8,43.93884277,43.76
Q2-14,ASHOKLEY.ns,3.831,17.341,0.42,81.31,2.713,4.984,0.873,0.841,-4.309,60.606,2.088,8.7,114.733,5.389,6.675,8,56.09749222,27.67
Q3-14,ASHOKLEY.ns,0.975,17.28,0.11,422.273,0.721,4.79,0.873,0.841,-4.501,61.933,1.797,5.92,116.6,8.836,4.051,8,59.91277695,6.8
Q4-14,ASHOKLEY.ns,5.185,19.873,0.81,81.111,4.493,8.663,0.506,0.932,-12.95,62.238,2.345,7.11,118.567,0.339,5.272,7.5,75.71905518,26.38
Q1-15,ASHOKLEY.ns,3.828,23.105,0.51,136.471,2.823,7.591,0.506,0.932,-11.022,63.471,2.663,7.59,120.467,2.177,5.092,7.25,79.70925903,5.27
Q2-15,ASHOKLEY.ns,3.53,22.741,0.61,138.443,3.364,11.035,0.506,0.932,-14.244,64.975,1.915,8.03,117.533,2.44,3.949,6.75,74.00970459,-7.15
Q3-15,ASHOKLEY.ns,5.303,21.655,0.75,124.933,4.175,8.882,0.506,0.932,-11.764,65.924,3.235,7.2,114.933,-1.429,5.339,6.75,91.99494171,24.3
Q4-15,ASHOKLEY.ns,-2.357,24.014,-0.49,-182.857,-2.604,11.828,0.341,1.059,20.543,67.504,2.531,9.09,125.2,5.595,5.259,6.75,73.92527008,-19.64
Q1-16,ASHOKLEY.ns,6.963,22.781,1.02,104.706,5.378,10.758,0.341,1.059,14.361,66.891,1.33,8.68,126.467,7.601,5.667,6.5,67.81633759,-8.26
Q2-16,ASHOKLEY.ns,6.538,24.22,1.03,92.476,5.445,9.961,0.341,1.059,15.487,66.962,3.084,9.67,123.033,7.048,5.163,6.5,77.3276825,14.03
Q3-16,ASHOKLEY.ns,4.288,21.116,0.65,138.846,3.438,6.8,0.341,1.059,14.909,67.425,2.889,8.58,121.433,-3.009,3.749,6.25,80.61186981,4.25
Q4-16,ASHOKLEY.ns,7.195,21.846,1.63,55.675,7.773,9.877,0.22,0.931,-14.884,67.011,1.898,6.29,128.967,-7.683,3.569,6.25,91.36012268,13.33
Q1-17,ASHOKLEY.ns,2.625,20.238,0.38,224.737,1.816,5.011,0.22,0.931,-9.531,64.458,2.079,6.11,128.733,1.792,2.202,6.25,102.0441818,11.69
Q2-17,ASHOKLEY.ns,5.528,20.788,1.14,96.053,5.456,8.704,0.22,0.931,-13.6,64.288,2.954,5.32,126.067,2.465,2.976,6,122.5222702,20.07
Q3-17,ASHOKLEY.ns,6.322,21.644,1.54,85.195,7.341,9.719,0.22,0.931,-15.998,64.729,1.18,6.67,131.767,8.509,4.555,6,128.1938171,4.63
Q4-17,ASHOKLEY.ns,7.608,22.93,2.28,55.307,9.211,10.762,0.085,0.914,-11.603,64.344,1.575,8.93,139.7,15.966,4.594,6,111.7420578,-12.83
Q1-18,ASHOKLEY.ns,5.921,22.496,1.26,130.516,5.108,8.872,0.085,0.914,-8.267,66.99,2.6,7.56,139.7,8.323,4.791,6.25,100.9765778,-9.63
Q2-18,ASHOKLEY.ns,7.055,20.973,1.8,62.667,7.284,9.472,0.085,0.914,-9.894,70.152,2.065,6.49,137.3,6.655,3.854,6.5,77.74343109,-23.01
Q3-18,ASHOKLEY.ns,6.098,21.967,1.3,88.231,5.256,8.163,0.085,0.914,-8.261,72.073,2.141,6.33,141.833,12.507,2.604,6.5,79.85553741,2.72
Q4-18,ASHOKLEY.ns,7.486,20.837,2.22,36.622,7.837,9.57,0.048,0.931,-14.474,70.478,1.856,5.84,147.9,12.244,2.465,6.25,57.92559433,-27.46
Q1-19,ASHOKLEY.ns,4.102,21.284,0.78,111.474,2.763,7.01,0.048,0.931,-9.312,69.546,3.369,5.39,140.2,0.358,3.072,5.75,77.22145844,33.31
Q2-19,ASHOKLEY.ns,1.005,19.954,0.13,537.308,0.466,2.948,0.048,0.931,-6.419,70.429,2.064,4.61,132.8,-3.277,3.473,5.4,68.19683075,-11.69
Q3-19,ASHOKLEY.ns,0.698,19.664,0.09,852.778,0.333,2.266,0.048,0.931,-6.593,71.228,2.618,3.28,136.933,-3.455,5.835,5.15,41.4156723,-39.27
Q4-19,ASHOKLEY.ns,-1.493,18.231,-0.2,-409.75,-0.789,0.775,0.422,0.775,-2.436,72.384,2.877,3.01,136.433,-7.753,6.668,4.4,66.51931763,60.61
Q1-14,BHARTIARTL.ns,5.096,77.377,2.77,108.739,1.958,16.042,1.27,0.394,-0.667,59.797,1.956,8.02,117.9,5.803,7.85,8,337.0278625,4.32
Q2-14,BHARTIARTL.ns,5.889,77.937,3.46,98.956,2.251,16.863,1.27,0.394,-0.664,60.606,2.088,8.7,114.733,5.389,6.675,8,313.1370544,-7.09
Q3-14,BHARTIARTL.ns,5.708,78.617,3.59,102.023,2.218,17.161,1.27,0.394,-0.675,61.933,1.797,5.92,116.6,8.836,4.051,8,375.2002563,19.82
Q4-14,BHARTIARTL.ns,4.666,78.176,3.14,109.275,2.7,18.562,1.758,0.333,-0.523,62.238,2.345,7.11,118.567,0.339,5.272,7.5,312.3436279,-16.75
Q1-15,BHARTIARTL.ns,9.381,77.842,5.29,66.147,5.582,17.718,1.758,0.333,-0.538,63.471,2.663,7.59,120.467,2.177,5.092,7.25,296.3760071,-5.11
Q2-15,BHARTIARTL.ns,5.819,77.004,3.84,100.139,3.487,16.829,1.758,0.333,-0.542,64.975,1.915,8.03,117.533,2.44,3.949,6.75,279.6668701,-5.64
Q3-15,BHARTIARTL.ns,4.079,76.885,2.77,115.7,2.468,17.025,1.758,0.333,-0.547,65.924,3.235,7.2,114.933,-1.429,5.339,6.75,311.4895325,11.38
Q4-15,BHARTIARTL.ns,4.958,75.734,3.3,80.661,1.853,17.306,1.504,0.39,-0.697,67.504,2.531,9.09,125.2,5.595,5.259,6.75,293.9825439,-5.62
Q1-16,BHARTIARTL.ns,4.812,75.933,3.66,91.216,1.841,17.749,1.504,0.39,-0.713,66.891,1.33,8.68,126.467,7.601,5.667,6.5,288.846344,-1.75
Q2-16,BHARTIARTL.ns,5.458,75.511,3.66,90.827,2.015,18.272,1.504,0.39,-0.688,66.962,3.084,9.67,123.033,7.048,5.163,6.5,324.9298096,12.49
Q3-16,BHARTIARTL.ns,1.722,74.755,1.26,232.35,0.602,15.969,1.504,0.39,-0.652,67.425,2.889,8.58,121.433,-3.009,3.749,6.25,330.6249084,1.75
Q4-16,BHARTIARTL.ns,1.002,72.684,0.93,343.774,0.326,13.298,1.521,0.287,-0.485,67.011,1.898,6.29,128.967,-7.683,3.569,6.25,380.5901794,15.11
Q1-17,BHARTIARTL.ns,1.513,73.432,0.92,354.796,0.492,13.769,1.521,0.287,-0.485,64.458,2.079,6.11,128.733,1.792,2.202,6.25,442.8622437,16.36
Q2-17,BHARTIARTL.ns,1.01,73.843,0.86,447.292,0.326,14.966,1.521,0.287,-0.481,64.288,2.954,5.32,126.067,2.465,2.976,6,382.2915344,-13.68
Q3-17,BHARTIARTL.ns,1.649,71.474,0.77,592.881,0.497,13.292,1.521,0.287,-0.449,64.729,1.18,6.67,131.767,8.509,4.555,6,335.3949585,-12.27
Q4-17,BHARTIARTL.ns,1.199,69.981,0.21,1923.146,0.339,10.631,1.408,0.428,-0.439,64.344,1.575,8.93,139.7,15.966,4.594,6,344.5968018,2.74
Q1-18,BHARTIARTL.ns,1.587,69.136,0.23,1634.956,0.452,8.467,1.408,0.428,-0.443,66.99,2.6,7.56,139.7,8.323,4.791,6.25,283.2485962,-17.8
Q2-18,BHARTIARTL.ns,0.426,69.363,0.28,1280.859,0.124,4.809,1.408,0.428,-0.45,70.152,2.065,6.49,137.3,6.655,3.854,6.5,289.7132568,2.28
Q3-18,BHARTIARTL.ns,1.912,68.686,0.22,1220.134,0.564,3.612,1.408,0.428,-0.459,72.073,2.141,6.33,141.833,12.507,2.604,6.5,346.0368652,19.44
Q4-18,BHARTIARTL.ns,2.618,68.759,0.27,1041.962,0.755,5.761,1.69,0.353,-0.343,70.478,1.856,5.84,147.9,12.244,2.465,6.25,344.0527344,-0.57
Q1-19,BHARTIARTL.ns,-11.086,63.242,-6.18,-51.828,-3.219,8.414,1.69,0.353,-0.345,69.546,3.369,5.39,140.2,0.358,3.072,5.75,438.9450073,27.58
Q2-19,BHARTIARTL.ns,-109.532,62.702,-44.92,-7.516,-32.407,9.322,1.69,0.353,-0.351,70.429,2.064,4.61,132.8,-3.277,3.473,5.4,519.3529663,18.32
Q3-19,BHARTIARTL.ns,-1.424,63.977,-2.02,-185.272,-0.438,12.23,1.69,0.353,-0.365,71.228,2.618,3.28,136.933,-3.455,5.835,5.15,548.2224121,5.56
Q4-19,BHARTIARTL.ns,-20.594,65.912,-9.69,-51.233,-6.333,14.301,1.525,0.583,-0.433,72.384,2.877,3.01,136.433,-7.753,6.668,4.4,509.0353088,-7.15
Q1-14,CONCOR.ns,20.626,97.458,13.43,22.916,3.749,26.149,0,4.539,0.489,59.797,1.956,8.02,117.9,5.803,7.85,8,384.3091431,2.42
Q2-14,CONCOR.ns,14.163,96.504,9.84,42.478,2.747,18.907,0,4.539,0.522,60.606,2.088,8.7,114.733,5.389,6.675,8,443.4686584,15.39
Q3-14,CONCOR.ns,20.739,97.179,15.44,28.017,4.31,24.684,0,4.539,0.559,61.933,1.797,5.92,116.6,8.836,4.051,8,523.4671021,18.04
Q4-14,CONCOR.ns,19.547,97.508,15.02,29.795,3.833,23.243,0,4.336,0.568,62.238,2.345,7.11,118.567,0.339,5.272,7.5,408.5250549,-21.96
Q1-15,CONCOR.ns,14.592,97.401,10.63,49.392,2.714,19.539,0,4.336,0.539,63.471,2.663,7.59,120.467,2.177,5.092,7.25,403.7076721,-1.18
Q2-15,CONCOR.ns,15.428,97.419,11.88,44.224,3.034,20.772,0,4.336,0.569,64.975,1.915,8.03,117.533,2.44,3.949,6.75,333.3249817,-17.43
Q3-15,CONCOR.ns,14.644,97.124,10.55,40.194,2.693,19.453,0,4.336,0.533,65.924,3.235,7.2,114.933,-1.429,5.339,6.75,417.0862732,25.13
Q4-15,CONCOR.ns,19.196,97.444,12.56,30.238,3.669,27.923,0,1.932,2.54,67.504,2.531,9.09,125.2,5.595,5.259,6.75,404.1886902,-3.09
Q1-16,CONCOR.ns,13.327,97.161,9.15,47.313,2.139,18.444,0,1.932,2.132,66.891,1.33,8.68,126.467,7.601,5.667,6.5,339.1062622,-16.1
Q2-16,CONCOR.ns,11.449,97.064,8.1,59.255,1.891,15.795,0,1.932,2.195,66.962,3.084,9.67,123.033,7.048,5.163,6.5,353.8106384,4.34
Q3-16,CONCOR.ns,13.98,96.889,9.54,46.14,2.229,19.016,0,1.932,2.118,67.425,2.889,8.58,121.433,-3.009,3.749,6.25,433.8396606,22.62
Q4-16,CONCOR.ns,21.549,95.699,13.77,27.549,3.795,29.946,0,3.417,0.841,67.011,1.898,6.29,128.967,-7.683,3.569,6.25,493.5570984,13.76
Q1-17,CONCOR.ns,16.706,96.923,9.99,48.763,2.751,22.315,0,3.417,0.786,64.458,2.079,6.11,128.733,1.792,2.202,6.25,489.1073608,-0.9
Q2-17,CONCOR.ns,15.588,96.284,9.15,50.004,2.52,19.618,0,3.417,0.772,64.288,2.954,5.32,126.067,2.465,2.976,6,490.2820129,0.24
Q3-17,CONCOR.ns,17.632,93.954,11.86,46.622,3.268,25.541,0,3.417,0.885,64.729,1.18,6.67,131.767,8.509,4.555,6,522.1771851,6.51
Q4-17,CONCOR.ns,17.898,95.074,12.05,46.151,3.133,22.452,0,2.974,0.77,64.344,1.575,8.93,139.7,15.966,4.594,6,493.6460266,-5.46
Q1-18,CONCOR.ns,16.092,95.529,5.18,100.687,2.692,22.32,0,2.974,0.736,66.99,2.6,7.56,139.7,8.323,4.791,6.25,511.1396179,3.54
Q2-18,CONCOR.ns,18.441,95.601,6.89,77.713,3.585,25.717,0,2.974,0.855,70.152,2.065,6.49,137.3,6.655,3.854,6.5,450.0769043,-11.95
Q3-18,CONCOR.ns,16.576,95.367,4.51,112.417,2.93,23.332,0,2.974,0.777,72.073,2.141,6.33,141.833,12.507,2.604,6.5,504.6287842,12.12
Q4-18,CONCOR.ns,19.207,94.018,5.78,90.727,3.398,26.404,0.068,2.374,0.67,70.478,1.856,5.84,147.9,12.244,2.465,6.25,483.9219055,-4.1
Q1-19,CONCOR.ns,13.901,95.084,3.74,131.872,2.197,20.513,0.068,2.374,0.599,69.546,3.369,5.39,140.2,0.358,3.072,5.75,561.4657593,16.02
Q2-19,CONCOR.ns,-18.521,95.231,-5.29,-96.749,-3.106,20.782,0.068,2.374,0.635,70.429,2.064,4.61,132.8,-3.277,3.473,5.4,494.2159424,-11.98
Q3-19,CONCOR.ns,11.488,94.123,2.88,204.288,1.693,20.168,0.068,2.374,0.558,71.228,2.618,3.28,136.933,-3.455,5.835,5.15,365.2071228,-26.1
Q4-19,CONCOR.ns,18.773,96.16,4.83,117.391,2.926,27.798,0,2.537,0.895,72.384,2.877,3.01,136.433,-7.753,6.668,4.4,381.6176453,4.49
Q1-14,DLF.ns,6.45,87.911,0.72,194.653,0.381,42.251,0.568,1.788,0.114,59.797,1.956,8.02,117.9,5.803,7.85,8,136.4976044,-15.05
Q2-14,DLF.ns,4.628,88.455,0.61,325,0.319,38.699,0.568,1.788,0.133,60.606,2.088,8.7,114.733,5.389,6.675,8,142.7686005,4.59
Q3-14,DLF.ns,6.203,88.001,0.74,168.581,0.416,39.737,0.568,1.788,0.129,61.933,1.797,5.92,116.6,8.836,4.051,8,107.7973938,-24.5
Q4-14,DLF.ns,9.447,88.848,0.96,176.979,0.633,36.489,0.71,2.038,0.113,62.238,2.345,7.11,118.567,0.339,5.272,7.5,101.5263748,-5.82
Q1-15,DLF.ns,6.506,91.55,0.71,192.183,0.533,36.332,0.71,2.038,0.138,63.471,2.663,7.59,120.467,2.177,5.092,7.25,106.488327,4.89
Q2-15,DLF.ns,10.455,89.129,1.17,98.333,0.732,53.266,0.71,2.038,0.118,64.975,1.915,8.03,117.533,2.44,3.949,6.75,82.65390015,-22.38
Q3-15,DLF.ns,9.256,85.577,0.98,118.878,0.936,40.617,0.71,2.038,0.17,65.924,3.235,7.2,114.933,-1.429,5.339,6.75,120.7053528,46.04
Q4-15,DLF.ns,-7.061,90.889,-1.01,-95.396,-0.747,29.463,0.957,1.763,0.225,67.504,2.531,9.09,125.2,5.595,5.259,6.75,146.4248352,21.31
Q1-16,DLF.ns,15.156,88.194,1.46,88.699,1.176,40.521,0.957,1.763,0.165,66.891,1.33,8.68,126.467,7.601,5.667,6.5,108.7430191,-25.73
Q2-16,DLF.ns,11.268,89.496,1.12,144.018,0.969,49.808,0.957,1.763,0.183,66.962,3.084,9.67,123.033,7.048,5.163,6.5,142.2642365,30.83
Q3-16,DLF.ns,6.101,88.157,0.55,273.636,0.522,45.472,0.957,1.763,0.181,67.425,2.889,8.58,121.433,-3.009,3.749,6.25,169.7809448,19.34
Q4-16,DLF.ns,7.115,90.153,0.76,177.566,0.674,38.48,1.136,2.194,0.138,67.011,1.898,6.29,128.967,-7.683,3.569,6.25,174.9817047,3.06
Q1-17,DLF.ns,5.92,89.103,0.62,300,0.516,45.015,1.136,2.194,0.127,64.458,2.079,6.11,128.733,1.792,2.202,6.25,220.5592194,26.05
Q2-17,DLF.ns,1.473,85.945,0.08,2416.875,0.1,50.519,1.136,2.194,0.098,64.288,2.954,5.32,126.067,2.465,2.976,6,216.1703644,-1.99
Q3-17,DLF.ns,242.663,82.838,22.93,8.781,17.508,40.433,1.136,2.194,0.105,64.729,1.18,6.67,131.767,8.509,4.555,6,200.5487518,-7.23
Q4-17,DLF.ns,2.742,89.826,1.39,179.928,0.107,28.464,0.426,1.724,0.111,64.344,1.575,8.93,139.7,15.966,4.594,6,212.1787872,5.8
Q1-18,DLF.ns,-4.582,91.047,0.97,230,-0.196,26.703,0.426,1.724,0.122,66.99,2.6,7.56,139.7,8.323,4.791,6.25,171.1460419,-19.34
Q2-18,DLF.ns,6.274,93.613,2.1,93.476,0.38,35.992,0.426,1.724,0.173,70.152,2.065,6.49,137.3,6.655,3.854,6.5,158.908371,-7.15
Q3-18,DLF.ns,5.012,93.415,1.88,87.633,0.315,34.711,0.426,1.724,0.179,72.073,2.141,6.33,141.833,12.507,2.604,6.5,184.4765167,16.09
Q4-18,DLF.ns,7.675,93.659,2.43,67.84,0.572,25.495,0.44,1.307,0.315,70.478,1.856,5.84,147.9,12.244,2.465,6.25,162.2370758,-12.06
Q1-19,DLF.ns,11.185,90.287,1.83,94.399,0.443,29.927,0.44,1.307,0.168,69.546,3.369,5.39,140.2,0.358,3.072,5.75,214.3553772,32.12
Q2-19,DLF.ns,10.581,92.395,1.8,98.972,0.541,30.909,0.44,1.307,0.216,70.429,2.064,4.61,132.8,-3.277,3.473,5.4,196.7932739,-8.19
Q3-19,DLF.ns,16.95,90.213,1.67,109.76,0.677,27.963,0.44,1.307,0.169,71.228,2.618,3.28,136.933,-3.455,5.835,5.15,147.7433014,-24.92
Q4-19,DLF.ns,-120.237,90.207,-7.51,-34.68,-5.914,25.748,0.184,1.83,0.13,72.384,2.877,3.01,136.433,-7.753,6.668,4.4,155.294754,5.11
Q1-14,GAIL.ns,4.659,15.172,4.9,21.243,2.295,7.375,0.352,1.188,7.497,59.797,1.956,8.02,117.9,5.803,7.85,8,105.9691772,11.62
Q2-14,GAIL.ns,9.265,21.896,10.27,11.939,4.813,14.75,0.352,1.188,7.905,60.606,2.088,8.7,114.733,5.389,6.675,8,88.27870941,-16.69
Q3-14,GAIL.ns,4.045,14.175,4.76,31.245,2.231,5.859,0.352,1.188,8.395,61.933,1.797,5.92,116.6,8.836,4.051,8,84.40416718,-4.39
Q4-14,GAIL.ns,3.588,22.405,4.03,29.521,1.754,4.565,0.276,1.06,23.604,62.238,2.345,7.11,118.567,0.339,5.272,7.5,64.27175903,-23.85
Q1-15,GAIL.ns,3.1,15.665,3.06,33.116,1.333,6.534,0.276,1.06,20.758,63.471,2.663,7.59,120.467,2.177,5.092,7.25,79.5724411,23.81
Q2-15,GAIL.ns,2.349,14.479,2.6,38.396,1.135,5.883,0.276,1.06,23.319,64.975,1.915,8.03,117.533,2.44,3.949,6.75,66.94660187,-15.87
Q3-15,GAIL.ns,5.059,17.01,5.33,16.276,2.321,8.051,0.276,1.06,22.148,65.924,3.235,7.2,114.933,-1.429,5.339,6.75,81.88536072,22.31
Q4-15,GAIL.ns,7.137,19.493,4.92,21.071,2.721,9.787,0.189,0.988,-92.225,67.504,2.531,9.09,125.2,5.595,5.259,6.75,84.85837555,3.63
Q1-16,GAIL.ns,12.494,22.967,10.53,9.625,4.365,17.435,0.189,0.988,-84.526,66.891,1.33,8.68,126.467,7.601,5.667,6.5,93.88798523,10.64
Q2-16,GAIL.ns,7.798,22.327,7.29,14.728,3.023,12.61,0.189,0.988,-93.792,66.962,3.084,9.67,123.033,7.048,5.163,6.5,115.1293945,22.62
Q3-16,GAIL.ns,8.102,22.821,7.75,15.728,3.214,13.548,0.189,0.988,-95.962,67.425,2.889,8.58,121.433,-3.009,3.749,6.25,125.1408463,8.7
Q4-16,GAIL.ns,1.934,19.612,1.54,85.498,0.682,12.459,0.079,1.09,17.785,67.011,1.898,6.29,128.967,-7.683,3.569,6.25,114.3497009,-8.62
Q1-17,GAIL.ns,8.992,24.488,6.06,26.235,2.688,14.642,0.079,1.09,15.08,64.458,2.079,6.11,128.733,1.792,2.202,6.25,142.5950012,24.7
Q2-17,GAIL.ns,10.553,23.951,7.74,18.253,3.433,16.276,0.079,1.09,16.407,64.288,2.954,5.32,126.067,2.465,2.976,6,139.2767029,-2.33
Q3-17,GAIL.ns,8.757,22.401,7.46,23.385,3.309,13.222,0.079,1.09,19.057,64.729,1.18,6.67,131.767,8.509,4.555,6,144.7366943,3.92
Q4-17,GAIL.ns,6.616,18.978,4.53,39.619,2.532,10.434,0.024,1.021,74.516,64.344,1.575,8.93,139.7,15.966,4.594,6,153.5223694,6.07
Q1-18,GAIL.ns,7.279,19.661,5.58,29.131,3.123,11.471,0.024,1.021,83.536,66.99,2.6,7.56,139.7,8.323,4.791,6.25,142.0554657,-7.47
Q2-18,GAIL.ns,10.184,21.427,8.7,21.56,4.867,15.266,0.024,1.021,93.082,70.152,2.065,6.49,137.3,6.655,3.854,6.5,141.6206665,-0.31
Q3-18,GAIL.ns,8.496,19.18,7.46,25.084,4.169,12.785,0.024,1.021,95.562,72.073,2.141,6.33,141.833,12.507,2.604,6.5,152.3887024,7.6
Q4-18,GAIL.ns,5.981,16.936,4.98,33.348,2.545,11.153,0.02,1.104,19.281,70.478,1.856,5.84,147.9,12.244,2.465,6.25,109.5847931,-28.09
Q1-19,GAIL.ns,7.032,18.347,5.71,31.169,2.92,10.947,0.02,1.104,18.816,69.546,3.369,5.39,140.2,0.358,3.072,5.75,107.1983643,-2.18
Q2-19,GAIL.ns,5.899,14.85,2.36,54.597,2.414,8.664,0.02,1.104,18.537,70.429,2.064,4.61,132.8,-3.277,3.473,5.4,88.78627014,-17.18
Q3-19,GAIL.ns,7.039,19.002,2.77,49.585,2.836,10.67,0.02,1.104,18.257,71.228,2.618,3.28,136.933,-3.455,5.835,5.15,82.86598206,-6.67
Q4-19,GAIL.ns,17.001,20.147,6.69,18.004,6.864,14.009,0.123,0.972,-54.856,72.384,2.877,3.01,136.433,-7.753,6.668,4.4,85.82707977,3.57
Q1-14,GODREJPROP.ns,16.975,96.827,2.29,95.983,2.94,23.542,1.354,1.525,0.153,59.797,1.956,8.02,117.9,5.803,7.85,8,248.8234253,12.76
Q2-14,GODREJPROP.ns,19.34,96.299,2.34,97.65,3.077,23.616,1.354,1.525,0.141,60.606,2.088,8.7,114.733,5.389,6.675,8,296.5729065,19.19
Q3-14,GODREJPROP.ns,12.005,97.651,2.37,103.017,3.153,17.19,1.354,1.525,0.232,61.933,1.797,5.92,116.6,8.836,4.051,8,266.0966187,-10.28
Q4-14,GODREJPROP.ns,10.52,98.301,2.58,108.333,3.85,16.157,1.781,1.478,0.3,62.238,2.345,7.11,118.567,0.339,5.272,7.5,307.1452942,15.43
Q1-15,GODREJPROP.ns,33.901,93.472,2.76,87.663,3.009,47.392,1.781,1.478,0.073,63.471,2.663,7.59,120.467,2.177,5.092,7.25,335.25,9.15
Q2-15,GODREJPROP.ns,8.558,98.915,5.32,50.395,6.692,12.784,1.781,1.478,0.64,64.975,1.915,8.03,117.533,2.44,3.949,6.75,267.3500061,-20.25
Q3-15,GODREJPROP.ns,18.446,96.218,2.61,131.609,3.881,26.854,1.781,1.478,0.172,65.924,3.235,7.2,114.933,-1.429,5.339,6.75,329.5,23.25
Q4-15,GODREJPROP.ns,7.595,97.36,0.83,361.747,2.186,12.385,1.766,1.606,0.23,67.504,2.531,9.09,125.2,5.595,5.259,6.75,359.6499939,9.15
Q1-16,GODREJPROP.ns,17.448,94.606,2.03,167.512,2.321,27.841,1.766,1.606,0.106,66.891,1.33,8.68,126.467,7.601,5.667,6.5,300.6000061,-16.42
Q2-16,GODREJPROP.ns,4.755,95.594,1.1,328.455,0.823,16.227,1.766,1.606,0.138,66.962,3.084,9.67,123.033,7.048,5.163,6.5,364.1000061,21.12
Q3-16,GODREJPROP.ns,14.824,97.065,3.59,100.014,4.217,29.964,1.766,1.606,0.227,67.425,2.889,8.58,121.433,-3.009,3.749,6.25,490.6499939,34.76
Q4-16,GODREJPROP.ns,12.101,96.309,2.9,114.017,2.605,22.248,1.987,1.344,0.267,67.011,1.898,6.29,128.967,-7.683,3.569,6.25,579.5,18.11
Q1-17,GODREJPROP.ns,9.467,93.859,1.08,429.907,1.175,29.97,1.987,1.344,0.154,64.458,2.079,6.11,128.733,1.792,2.202,6.25,728.2000122,25.66
Q2-17,GODREJPROP.ns,9.703,96.638,2.04,255.956,2.384,23.332,1.987,1.344,0.305,64.288,2.954,5.32,126.067,2.465,2.976,6,780.2000122,7.14
Q3-17,GODREJPROP.ns,4.834,96.987,1.2,566.083,1.513,14.237,1.987,1.344,0.389,64.729,1.18,6.67,131.767,8.509,4.555,6,731.0499878,-6.3
Q4-17,GODREJPROP.ns,26.986,88.624,6.54,122.263,6.278,41.368,1.653,1.278,0.429,64.344,1.575,8.93,139.7,15.966,4.594,6,687.7000122,-5.93
Q1-18,GODREJPROP.ns,4.595,96.564,1.56,516.186,2.044,13.405,1.653,1.278,0.82,66.99,2.6,7.56,139.7,8.323,4.791,6.25,663.2000122,-3.56
Q2-18,GODREJPROP.ns,8.694,91.657,0.9,794.167,1.526,20.013,1.653,1.278,0.324,70.152,2.065,6.49,137.3,6.655,3.854,6.5,709.4500122,6.97
Q3-18,GODREJPROP.ns,-0.141,91.105,1.82,329.231,-0.021,14.15,1.653,1.278,0.28,72.073,2.141,6.33,141.833,12.507,2.604,6.5,887.0999756,25.04
Q4-18,GODREJPROP.ns,15.165,91.446,6.83,108.624,6.468,29.746,1.424,1.08,2.578,70.478,1.856,5.84,147.9,12.244,2.465,6.25,900.6500244,1.53
Q1-19,GODREJPROP.ns,15.056,29.333,3.91,212.251,3.878,30.86,1.424,1.08,1.557,69.546,3.369,5.39,140.2,0.358,3.072,5.75,908.7999878,0.9
Q2-19,GODREJPROP.ns,23.002,34.086,1.22,781.107,2.419,59.76,1.424,1.08,0.636,70.429,2.064,4.61,132.8,-3.277,3.473,5.4,1003.049988,10.37
Q3-19,GODREJPROP.ns,18.693,27.903,1.8,554.056,2.898,44.844,1.424,1.08,0.937,71.228,2.618,3.28,136.933,-3.455,5.835,5.15,688.4000244,-31.37
Q4-19,GODREJPROP.ns,11.067,25.026,4.01,269.402,2.677,23.645,0.668,1.451,0.489,72.384,2.877,3.01,136.433,-7.753,6.668,4.4,913.25,32.66
Q1-14,GRASIM.ns,8.77,43.415,53.04,7.641,3.236,14.168,0.423,1.633,1.473,59.797,1.956,8.02,117.9,5.803,7.85,8,526.796875,5.5
Q2-14,GRASIM.ns,6.95,42.596,45.33,10.987,2.529,11.094,0.423,1.633,1.453,60.606,2.088,8.7,114.733,5.389,6.675,8,554.8797607,5.33
Q3-14,GRASIM.ns,5.812,42.875,36.32,14.963,2.121,11.11,0.423,1.633,1.457,61.933,1.797,5.92,116.6,8.836,4.051,8,539.3827515,-2.79
Q4-14,GRASIM.ns,8.301,44.661,55.15,10.91,3.123,14.254,0.409,1.015,43.292,62.238,2.345,7.11,118.567,0.339,5.272,7.5,510.6257019,-5.33
Q1-15,GRASIM.ns,8.801,45.217,54.39,10.223,3.147,14.814,0.409,1.015,41.15,63.471,2.663,7.59,120.467,2.177,5.092,7.25,554.3538818,8.56
Q2-15,GRASIM.ns,8.804,43.552,12.05,47.777,3.072,14.481,0.409,1.015,40.155,64.975,1.915,8.03,117.533,2.44,3.949,6.75,496.3883972,-10.46
Q3-15,GRASIM.ns,9.823,44.404,13.72,41.914,3.569,15.395,0.409,1.015,41.802,65.924,3.235,7.2,114.933,-1.429,5.339,6.75,649.9299927,30.93
Q4-15,GRASIM.ns,10.577,46.407,15.63,33.636,3.646,16.316,0.329,1.042,15.409,67.504,2.531,9.09,125.2,5.595,5.259,6.75,696.5906372,7.18
Q1-16,GRASIM.ns,12.138,48.072,88.93,7.119,3.984,19.743,0.329,1.042,14.674,66.891,1.33,8.68,126.467,7.601,5.667,6.5,649.1170044,-6.82
Q2-16,GRASIM.ns,12.458,46.392,18.12,41.845,3.766,19.884,0.329,1.042,13.515,66.962,3.084,9.67,123.033,7.048,5.163,6.5,743.1360474,14.48
Q3-16,GRASIM.ns,10.813,45.596,15.6,47.93,3.349,16.812,0.329,1.042,13.845,67.425,2.889,8.58,121.433,-3.009,3.749,6.25,866.8543701,16.65
Q4-16,GRASIM.ns,10.655,45.448,16.59,42.513,3.393,16.711,0.253,1.679,1.339,67.011,1.898,6.29,128.967,-7.683,3.569,6.25,1158.025024,33.59
Q1-17,GRASIM.ns,12.687,47.494,19.07,46.916,3.98,20.066,0.253,1.679,1.319,64.458,2.079,6.11,128.733,1.792,2.202,6.25,1133.511963,-2.12
Q2-17,GRASIM.ns,7.758,50.152,8.19,130.678,3.373,20.158,0.253,1.679,1.828,64.288,2.954,5.32,126.067,2.465,2.976,6,1121.937622,-1.02
Q3-17,GRASIM.ns,7.218,49.641,8.26,148.559,3.517,17.832,0.253,1.679,2.049,64.729,1.18,6.67,131.767,8.509,4.555,6,1012.050598,-9.79
Q4-17,GRASIM.ns,5.755,52.265,10.95,105.941,1.75,17.221,1.069,0.952,-8.535,64.344,1.575,8.93,139.7,15.966,4.594,6,1039.011353,2.66
Q1-18,GRASIM.ns,8.101,50.395,16.98,64.411,2.367,19.893,1.069,0.952,-8.204,66.99,2.6,7.56,139.7,8.323,4.791,6.25,848.0276489,-18.38
Q2-18,GRASIM.ns,-5.804,49.162,-22.33,-45.911,-1.81,17.079,1.069,0.952,-8.758,70.152,2.065,6.49,137.3,6.655,3.854,6.5,760.7040405,-10.3
Q3-18,GRASIM.ns,5.799,49.274,14.57,57.21,1.862,17.399,1.069,0.952,-9.015,72.073,2.141,6.33,141.833,12.507,2.604,6.5,867.460083,14.03
Q4-18,GRASIM.ns,6.388,52.678,17.44,41.342,2.402,19.21,1.309,1.495,0.918,70.478,1.856,5.84,147.9,12.244,2.465,6.25,695.9946289,-19.77
Q1-19,GRASIM.ns,9.216,52.28,18.75,48.064,3.117,23.668,1.309,1.495,0.826,69.546,3.369,5.39,140.2,0.358,3.072,5.75,777.8723755,11.76
Q2-19,GRASIM.ns,5.558,50.433,15.26,51.661,1.837,18.168,1.309,1.495,0.807,70.429,2.064,4.61,132.8,-3.277,3.473,5.4,679.1868286,-12.69
Q3-19,GRASIM.ns,5.214,51.306,10.36,74.204,1.796,16.161,1.309,1.495,0.841,71.228,2.618,3.28,136.933,-3.455,5.835,5.15,582.3294678,-14.26
Q4-19,GRASIM.ns,11.447,55.068,22.94,33.954,4.023,16.72,1.251,1.495,0.863,72.384,2.877,3.01,136.433,-7.753,6.668,4.4,666.9807129,14.54
Q1-14,INDUSTOWER.ns,16.28,40.929,2.44,88.381,2.566,27.119,0.149,1.328,2.058,59.797,1.956,8.02,117.9,5.803,7.85,8,208.6038513,17.78
Q2-14,INDUSTOWER.ns,15.877,40.552,2.46,104.065,2.579,26.852,0.149,1.328,2.121,60.606,2.088,8.7,114.733,5.389,6.675,8,255.5162201,22.49
Q3-14,INDUSTOWER.ns,17.19,41.99,2.68,109.869,2.81,28.422,0.149,1.328,2.135,61.933,1.797,5.92,116.6,8.836,4.051,8,332.8000793,30.25
Q4-14,INDUSTOWER.ns,18.919,44.087,2.94,123.078,3.276,32.1,0.101,1.131,4.428,62.238,2.345,7.11,118.567,0.339,5.272,7.5,277.8256836,-16.52
Q1-15,INDUSTOWER.ns,14.515,38.296,2.34,171.496,1.17,26.055,0.101,1.131,2.061,63.471,2.663,7.59,120.467,2.177,5.092,7.25,273.5974426,-1.52
Q2-15,INDUSTOWER.ns,23.197,37.433,3.12,143.478,1.871,23.736,0.101,1.131,2.063,64.975,1.915,8.03,117.533,2.44,3.949,6.75,251.5939636,-8.04
Q3-15,INDUSTOWER.ns,15.08,38.541,2.61,149.023,1.237,26.349,0.101,1.131,2.098,65.924,3.235,7.2,114.933,-1.429,5.339,6.75,264.1473083,4.99
Q4-15,INDUSTOWER.ns,29.088,40.78,3.79,95.303,2.261,27.692,0,3.915,0.343,67.504,2.531,9.09,125.2,5.595,5.259,6.75,247.3625488,-6.35
Q1-16,INDUSTOWER.ns,32.971,40.699,3.99,93.972,2.626,26.75,0,3.915,0.352,66.891,1.33,8.68,126.467,7.601,5.667,6.5,266.8806458,7.89
Q2-16,INDUSTOWER.ns,32.56,41.081,4.14,95.507,2.671,28.069,0,3.915,0.362,66.962,3.084,9.67,123.033,7.048,5.163,6.5,202.053009,-24.29
Q3-16,INDUSTOWER.ns,20.673,41.137,3.35,103.179,1.734,28.105,0,3.915,0.371,67.425,2.889,8.58,121.433,-3.009,3.749,6.25,260.5898132,28.97
Q4-16,INDUSTOWER.ns,16.782,43.269,3.22,91.242,1.738,30.636,0.018,1.066,5.309,67.011,1.898,6.29,128.967,-7.683,3.569,6.25,276.5594788,6.13
Q1-17,INDUSTOWER.ns,21.533,43.875,3.59,98.802,2.214,31.411,0.018,1.066,5.269,64.458,2.079,6.11,128.733,1.792,2.202,6.25,285.576416,3.26
Q2-17,INDUSTOWER.ns,18.569,42.991,3.45,116.348,1.987,30.446,0.018,1.066,5.485,64.288,2.954,5.32,126.067,2.465,2.976,6,258.0383911,-9.64
Q3-17,INDUSTOWER.ns,15.493,43.536,3.17,139.479,1.696,30.944,0.018,1.066,5.609,64.729,1.18,6.67,131.767,8.509,4.555,6,222.2762299,-13.86
Q4-17,INDUSTOWER.ns,16.577,42.868,3.28,107.18,1.635,32.407,0,4.192,0.289,64.344,1.575,8.93,139.7,15.966,4.594,6,213.5310364,-3.93
Q1-18,INDUSTOWER.ns,20.118,41.391,3.45,90.754,2.012,30.949,0,4.192,0.293,66.99,2.6,7.56,139.7,8.323,4.791,6.25,200.4700317,-6.12
Q2-18,INDUSTOWER.ns,20.974,42.059,3.24,88.472,2.127,30.241,0,4.192,0.297,70.152,2.065,6.49,137.3,6.655,3.854,6.5,235.8511963,17.65
Q3-18,INDUSTOWER.ns,24.85,44.38,3.5,76.929,2.539,33.649,0,4.192,0.299,72.073,2.141,6.33,141.833,12.507,2.604,6.5,216.053009,-8.39
Q4-18,INDUSTOWER.ns,20.51,44.635,3.29,88.83,2.365,36.645,0,2.411,0.669,70.478,1.856,5.84,147.9,12.244,2.465,6.25,206.8151703,-4.28
Q1-19,INDUSTOWER.ns,36.096,44.442,4.8,54.698,4.286,38.408,0,2.411,0.689,69.546,3.369,5.39,140.2,0.358,3.072,5.75,231.5661316,11.97
Q2-19,INDUSTOWER.ns,28.586,40.892,5.21,47.169,3.282,36.732,0,2.411,0.666,70.429,2.064,4.61,132.8,-3.277,3.473,5.4,179.7298584,-22.39
Q3-19,INDUSTOWER.ns,24.802,40.919,4.32,43.912,2.846,34.417,0,2.411,0.666,71.228,2.618,3.28,136.933,-3.455,5.835,5.15,194.8612518,8.42
Q4-19,INDUSTOWER.ns,24.077,39.807,3.51,70.741,2.991,33.036,0.179,1.294,1.495,72.384,2.877,3.01,136.433,-7.753,6.668,4.4,172.448761,-11.5
Q1-14,IOC.ns,2.024,7.982,10.39,4.226,3.823,3.224,1.221,0.995,-167.907,59.797,1.956,8.02,117.9,5.803,7.85,8,37.20177078,4.18
Q2-14,IOC.ns,-0.807,6.637,-3.7,-14.921,-1.361,-0.565,1.221,0.995,-149.912,60.606,2.088,8.7,114.733,5.389,6.675,8,34.01115417,-8.58
Q3-14,IOC.ns,-2.466,5.261,-10.86,-5.589,-3.996,-2.607,1.221,0.995,-144.016,61.933,1.797,5.92,116.6,8.836,4.051,8,36.3098259,6.76
Q4-14,IOC.ns,6.723,17.694,25.89,2.236,9.247,9.798,0.731,0.991,-107.421,62.238,2.345,7.11,118.567,0.339,5.272,7.5,42.24762726,16.35
Q1-15,IOC.ns,5.81,25.905,27.81,2.165,9.697,8.446,0.731,0.991,-130.346,63.471,2.663,7.59,120.467,2.177,5.092,7.25,42.86434555,1.46
Q2-15,IOC.ns,-0.534,10.281,-0.95,-75.675,-0.662,-0.012,0.731,0.991,-96.899,64.975,1.915,8.03,117.533,2.44,3.949,6.75,38.10614014,-11.1
Q3-15,IOC.ns,3.757,14.4,6.53,10.203,4.555,5.841,0.731,0.991,-94.665,65.924,3.235,7.2,114.933,-1.429,5.339,6.75,43.76398849,14.85
Q4-15,IOC.ns,2.558,16.439,4.23,15.851,2.276,5.315,0.482,0.883,-8.362,67.504,2.531,9.09,125.2,5.595,5.259,6.75,60.51861954,38.28
Q1-16,IOC.ns,9.606,23.937,34.9,2.069,9.382,14.776,0.482,0.883,-9.179,66.891,1.33,8.68,126.467,7.601,5.667,6.5,64.51533508,6.6
Q2-16,IOC.ns,3.9,15.141,6.58,13.789,3.542,6.398,0.482,0.883,-8.535,66.962,3.084,9.67,123.033,7.048,5.163,6.5,82.2104187,27.43
Q3-16,IOC.ns,4.313,18.72,8.43,12.792,4.533,7.759,0.482,0.883,-9.878,67.425,2.889,8.58,121.433,-3.009,3.749,6.25,94.92831421,15.47
Q4-16,IOC.ns,3.708,16.407,7.85,15.558,3.731,4.723,0.505,0.721,-2.801,67.011,1.898,6.29,128.967,-7.683,3.569,6.25,101.7245865,7.16
Q1-17,IOC.ns,4.314,14.412,9.6,15.28,4.561,7.119,0.505,0.721,-2.944,64.458,2.079,6.11,128.733,1.792,2.202,6.25,88.24004364,-13.26
Q2-17,IOC.ns,4.081,16.457,7.8,15.712,3.706,6.916,0.505,0.721,-2.529,64.288,2.954,5.32,126.067,2.465,2.976,6,85.0557785,-3.61
Q3-17,IOC.ns,7.123,18.934,16.63,8.328,7.905,11.663,0.505,0.721,-3.09,64.729,1.18,6.67,131.767,8.509,4.555,6,81.92767334,-3.68
Q4-17,IOC.ns,4.446,16.766,5.51,25.263,4.736,7.954,0.504,0.758,-3.575,64.344,1.575,8.93,139.7,15.966,4.594,6,73.19844818,-10.65
Q1-18,IOC.ns,5.276,17.419,7.21,15.007,6.2,8.784,0.504,0.758,-3.944,66.99,2.6,7.56,139.7,8.323,4.791,6.25,64.14389038,-12.37
Q2-18,IOC.ns,2.459,13.904,3.43,31.944,2.947,4.539,0.504,0.758,-4.022,70.152,2.065,6.49,137.3,6.655,3.854,6.5,68.9094162,7.43
Q3-18,IOC.ns,0.512,7.473,0.76,121.447,0.651,1.566,0.504,0.758,-4.264,72.073,2.141,6.33,141.833,12.507,2.604,6.5,82.66729736,19.97
Q4-18,IOC.ns,4.832,15.446,6.46,14.123,5.613,7.827,0.766,0.811,-4.349,70.478,1.856,5.84,147.9,12.244,2.465,6.25,61.71751022,-25.34
Q1-19,IOC.ns,2.734,12.621,3.92,26.879,3.31,5.238,0.766,0.811,-4.532,69.546,3.369,5.39,140.2,0.358,3.072,5.75,66.7660675,8.18
Q2-19,IOC.ns,0.504,11.903,0.61,152.24,0.519,1.901,0.766,0.811,-3.849,70.429,2.064,4.61,132.8,-3.277,3.473,5.4,53.73296356,-19.52
Q3-19,IOC.ns,1.877,12.572,2.55,38.379,2.153,4.04,0.766,0.811,-4.294,71.228,2.618,3.28,136.933,-3.455,5.835,5.15,42.2750206,-21.32
Q4-19,IOC.ns,-4.378,10.725,-5.65,-13.386,-5.53,-0.384,1.202,0.694,-2.533,72.384,2.877,3.01,136.433,-7.753,6.668,4.4,45.74184036,8.2
Q1-14,LT.ns,5.305,75.569,10.42,82.796,2.669,10.461,2.125,1.253,1.093,59.797,1.956,8.02,117.9,5.803,7.85,8,952.0055542,8.43
Q2-14,LT.ns,3.972,71.586,9.29,107.851,2.229,9.453,2.125,1.253,1.219,60.606,2.088,8.7,114.733,5.389,6.675,8,1021.459412,7.3
Q3-14,LT.ns,4.008,49.315,9.33,118.289,2.535,10.255,2.125,1.253,1.373,61.933,1.797,5.92,116.6,8.836,4.051,8,960.7744141,-5.94
Q4-14,LT.ns,7.603,53.036,22.27,50.907,5.208,11.784,2.011,1.222,1.621,62.238,2.345,7.11,118.567,0.339,5.272,7.5,930.8380737,-3.12
Q1-15,LT.ns,3.227,49.839,4.5,241.674,1.567,7.342,2.011,1.222,1.149,63.471,2.663,7.59,120.467,2.177,5.092,7.25,798.2594604,-14.24
Q2-15,LT.ns,4.336,63.19,8.37,142.672,2.435,8.374,2.011,1.222,1.329,64.975,1.915,8.03,117.533,2.44,3.949,6.75,631.2557373,-20.92
Q3-15,LT.ns,4.23,69.232,7.52,125.066,2.646,7.812,2.011,1.222,1.481,65.924,3.235,7.2,114.933,-1.429,5.339,6.75,864.4858398,36.95
Q4-15,LT.ns,8.563,73.077,25.07,29.295,6.372,12.822,1.995,1.263,1.467,67.504,2.531,9.09,125.2,5.595,5.259,6.75,887.600708,2.67
Q1-16,LT.ns,3.943,63.675,6.54,127.89,1.938,8.024,1.995,1.263,0.969,66.891,1.33,8.68,126.467,7.601,5.667,6.5,821.1908569,-7.48
Q2-16,LT.ns,6.776,64.79,15.39,67.527,3.823,9.303,1.995,1.263,1.112,66.962,3.084,9.67,123.033,7.048,5.163,6.5,872.5319824,6.25
Q3-16,LT.ns,4.761,71.133,10.43,94.644,2.804,7.907,1.995,1.263,1.161,67.425,2.889,8.58,121.433,-3.009,3.749,6.25,1045.648682,19.84
Q4-16,LT.ns,8.409,73.287,32.42,29.74,6.186,14.533,1.675,1.361,1.14,67.011,1.898,6.29,128.967,-7.683,3.569,6.25,1012.242981,-3.19
Q1-17,LT.ns,4.475,68.629,6.38,182.842,2.129,7.939,1.675,1.361,0.737,64.458,2.079,6.11,128.733,1.792,2.202,6.25,1110.402222,9.7
Q2-17,LT.ns,8.058,49.928,13,91.842,4.257,16.832,1.675,1.361,0.818,64.288,2.954,5.32,126.067,2.465,2.976,6,1203.137329,8.35
Q3-17,LT.ns,6.223,51.472,10.64,114.878,3.573,15.414,1.675,1.361,0.89,64.729,1.18,6.67,131.767,8.509,4.555,6,1250.828369,3.96
Q4-17,LT.ns,8.493,54.831,22.6,62.677,6.225,16.981,1.662,1.247,1.509,64.344,1.575,8.93,139.7,15.966,4.594,6,1250.052612,-0.06
Q1-18,LT.ns,4.492,53.039,8.67,161.58,2.186,8.817,1.662,1.247,1.001,66.99,2.6,7.56,139.7,8.323,4.791,6.25,1324.205322,5.93
Q2-18,LT.ns,8.767,52.549,15.91,81.854,4.846,17.146,1.662,1.247,1.138,70.152,2.065,6.49,137.3,6.655,3.854,6.5,1195.205078,-9.74
Q3-18,LT.ns,6.774,49.975,14.56,89.114,4.358,17.167,1.662,1.247,1.324,72.073,2.141,6.33,141.833,12.507,2.604,6.5,1439.80188,20.46
Q4-18,LT.ns,9.043,77.592,24.37,53.931,6.294,17.138,2.018,1.247,1.313,70.478,1.856,5.84,147.9,12.244,2.465,6.25,1227.836548,-14.72
Q1-19,LT.ns,6.34,51.304,10.5,128.433,3.02,17.953,2.018,1.247,0.898,69.546,3.369,5.39,140.2,0.358,3.072,5.75,1245.873169,1.47
Q2-19,LT.ns,7.729,50.199,18.01,77.029,4.388,17.017,2.018,1.247,1.071,70.429,2.064,4.61,132.8,-3.277,3.473,5.4,1111.973511,-10.75
Q3-19,LT.ns,7.46,69.969,16.76,87.891,4.345,16.364,2.018,1.247,1.099,71.228,2.618,3.28,136.933,-3.455,5.835,5.15,872.9210815,-21.5
Q4-19,LT.ns,7.72,73.597,22.78,60.11,5.014,15.835,2.049,1.262,1.166,72.384,2.877,3.01,136.433,-7.753,6.668,4.4,897.2043457,2.78
Q1-14,MRF.ns,6.903,30.523,542.82,37.818,5.096,12.077,0.402,2.041,1.229,59.797,1.956,8.02,117.9,5.803,7.85,8,33150.60938,39.6
Q2-14,MRF.ns,9.432,35.159,747.24,31.231,7.015,15.517,0.402,2.041,1.238,60.606,2.088,8.7,114.733,5.389,6.675,8,40721.70703,22.84
Q3-14,MRF.ns,9.652,36.088,762.78,41.055,7.161,15.99,0.402,2.041,1.235,61.933,1.797,5.92,116.6,8.836,4.051,8,35495.63672,-12.83
Q4-14,MRF.ns,10.047,36.579,784.28,51.049,0,16.35,0,0,0,62.238,2.345,7.11,118.567,0.339,5.272,7.5,39965.83984,12.59
Q1-15,MRF.ns,13.883,38.076,1130.7,32.426,0,21.731,0,0,0,63.471,2.663,7.59,120.467,2.177,5.092,7.25,38442.46094,-3.81
Q2-15,MRF.ns,13.841,39.126,1060.85,38.497,0,22.323,0,0,0,64.975,1.915,8.03,117.533,2.44,3.949,6.75,32208.10938,-16.22
Q3-15,MRF.ns,13.066,38.428,979.9,40.567,0,21.145,0,0,0,65.924,3.235,7.2,114.933,-1.429,5.339,6.75,33422.73438,3.77
Q4-15,MRF.ns,12.504,38.18,998.45,35.682,5.913,19.288,0.276,1.553,1.528,67.504,2.531,9.09,125.2,5.595,5.259,6.75,37041.98828,10.83
Q1-16,MRF.ns,14.177,39.101,1157.54,29.189,6.855,22.278,0.276,1.553,1.563,66.891,1.33,8.68,126.467,7.601,5.667,6.5,49517.66016,33.68
Q2-16,MRF.ns,11.943,36.925,908.46,37.254,5.38,19.475,0.276,1.553,1.456,66.962,3.084,9.67,123.033,7.048,5.163,6.5,51440.81641,3.88
Q3-16,MRF.ns,9.138,35.066,679.26,70.6,4.023,15.424,0.276,1.553,1.423,67.425,2.889,8.58,121.433,-3.009,3.749,6.25,65064.32813,26.48
Q4-16,MRF.ns,8.59,32.595,676.17,76.4,3.356,12.759,0.212,1.606,1.231,67.011,1.898,6.29,128.967,-7.683,3.569,6.25,63605.92188,-2.24
Q1-17,MRF.ns,2.987,25.311,251.19,270.35,1.247,5.533,0.212,1.606,1.315,64.458,2.079,6.11,128.733,1.792,2.202,6.25,68118.45313,7.09
Q2-17,MRF.ns,8.352,32.509,707.17,97.853,3.51,13.947,0.212,1.606,1.325,64.288,2.954,5.32,126.067,2.465,2.976,6,72897.13281,7.02
Q3-17,MRF.ns,8.964,34.298,802.87,82.731,3.985,15.01,0.212,1.606,1.401,64.729,1.18,6.67,131.767,8.509,4.555,6,75227.02344,3.2
Q4-17,MRF.ns,8.934,33.795,814.2,83.657,3.596,14.971,0.161,1.69,1.232,64.344,1.575,8.93,139.7,15.966,4.594,6,73531.13281,-2.25
Q1-18,MRF.ns,6.763,32.796,614.79,130.017,2.715,11.937,0.161,1.69,1.229,66.99,2.6,7.56,139.7,8.323,4.791,6.25,66972.1875,-8.92
Q2-18,MRF.ns,6.696,32.405,620.2,128.169,2.739,11.657,0.161,1.69,1.252,70.152,2.065,6.49,137.3,6.655,3.854,6.5,56538.34375,-15.58
Q3-18,MRF.ns,6.923,31.291,658.46,97.954,2.908,11.711,0.161,1.69,1.286,72.073,2.141,6.33,141.833,12.507,2.604,6.5,54975.16797,-2.76
Q4-18,MRF.ns,7.213,32.047,692.82,88.463,2.758,11.443,0.137,1.531,1.412,70.478,1.856,5.84,147.9,12.244,2.465,6.25,58282.66797,6.02
Q1-19,MRF.ns,6.09,31.858,633.13,83.561,2.521,10.879,0.137,1.531,1.529,69.546,3.369,5.39,140.2,0.358,3.072,5.75,63128.11719,8.31
Q2-19,MRF.ns,5.582,32.187,519.58,103.062,2.068,10.091,0.137,1.531,1.369,70.429,2.064,4.61,132.8,-3.277,3.473,5.4,66114.6875,4.73
Q3-19,MRF.ns,5.903,31.871,557.94,117.708,2.221,10.84,0.137,1.531,1.39,71.228,2.618,3.28,136.933,-3.455,5.835,5.15,58867.61328,-10.96
Q4-19,MRF.ns,18.467,33.341,1578.51,44.14,5.577,9.957,0.085,1.538,1.303,72.384,2.877,3.01,136.433,-7.753,6.668,4.4,57746.63672,-1.9
Q1-14,NTPC.ns,12.17,25.29,2.67,36.314,2.565,16.319,0.727,1.577,1.24,59.797,1.956,8.02,117.9,5.803,7.85,8,83.99223328,5.18
Q2-14,NTPC.ns,12.493,26.166,2.51,48.157,2.414,15.809,0.727,1.577,1.136,60.606,2.088,8.7,114.733,5.389,6.675,8,93.26256561,11.04
Q3-14,NTPC.ns,16.404,30.953,3.73,33.534,3.582,20.746,0.727,1.577,1.284,61.933,1.797,5.92,116.6,8.836,4.051,8,80.79318237,-13.37
Q4-14,NTPC.ns,15.31,30.347,3.57,33.532,3.605,19.915,0.962,1.224,2.81,62.238,2.345,7.11,118.567,0.339,5.272,7.5,71.85890198,-11.06
Q1-15,NTPC.ns,13.383,27.454,2.76,45.38,2.788,15.202,0.962,1.224,2.485,63.471,2.663,7.59,120.467,2.177,5.092,7.25,77.4502182,7.78
Q2-15,NTPC.ns,17.124,30.658,3.69,30.499,3.722,17.494,0.962,1.224,2.593,64.975,1.915,8.03,117.533,2.44,3.949,6.75,71.78341675,-7.32
Q3-15,NTPC.ns,15.374,34.525,3.23,34.262,3.268,21.147,0.962,1.224,2.536,65.924,3.235,7.2,114.933,-1.429,5.339,6.75,87.0967865,21.33
Q4-15,NTPC.ns,15.24,39.529,3.39,35.017,3.059,24.71,0.946,0.873,-4.217,67.504,2.531,9.09,125.2,5.595,5.259,6.75,96.89252472,11.25
Q1-16,NTPC.ns,12.511,33.949,2.87,40.447,2.596,20.978,0.946,0.873,-4.359,66.891,1.33,8.68,126.467,7.601,5.667,6.5,99.26541901,2.45
Q2-16,NTPC.ns,12.972,34.213,3.03,43.551,2.734,21.58,0.946,0.873,-4.428,66.962,3.084,9.67,123.033,7.048,5.163,6.5,100.2314911,0.97
Q3-16,NTPC.ns,12.731,33.37,3,42.292,2.705,20.709,0.946,0.873,-4.464,67.425,2.889,8.58,121.433,-3.009,3.749,6.25,100.0686569,-0.16
Q4-16,NTPC.ns,10.185,33.466,2.52,56.994,2.161,21.192,1.043,0.746,-2.071,67.011,1.898,6.29,128.967,-7.683,3.569,6.25,105.4094009,5.34
Q1-17,NTPC.ns,13.17,33.856,3.18,43.108,2.721,20.789,1.043,0.746,-2.016,64.458,2.079,6.11,128.733,1.792,2.202,6.25,113.1550217,7.35
Q2-17,NTPC.ns,12.379,35.727,2.95,46.384,2.534,20.251,1.043,0.746,-1.998,64.288,2.954,5.32,126.067,2.465,2.976,6,103.2927322,-8.72
Q3-17,NTPC.ns,11.364,32.19,2.86,52.812,2.453,17.854,1.043,0.746,-2.107,64.729,1.18,6.67,131.767,8.509,4.555,6,107.7937241,4.36
Q4-17,NTPC.ns,12.665,37.375,3.54,40.078,2.874,19.449,1.132,0.839,-3.214,64.344,1.575,8.93,139.7,15.966,4.594,6,110.3349686,2.36
Q1-18,NTPC.ns,11.4,33.749,3.14,45.687,2.543,18.636,1.132,0.839,-3.159,66.99,2.6,7.56,139.7,8.323,4.791,6.25,90.26236725,-18.19
Q2-18,NTPC.ns,10.898,34.095,2.94,43.892,2.384,17.649,1.132,0.839,-3.097,70.152,2.065,6.49,137.3,6.655,3.854,6.5,92.18538666,2.13
Q3-18,NTPC.ns,9.89,32.139,2.41,55.204,2.344,19.761,1.132,0.839,-3.356,72.073,2.141,6.33,141.833,12.507,2.604,6.5,107.1354294,16.22
Q4-18,NTPC.ns,20.499,34.473,4.4,26.458,4.05,21.029,1.259,0.793,-1.775,70.478,1.856,5.84,147.9,12.244,2.465,6.25,97.80879974,-8.71
Q1-19,NTPC.ns,10.759,34.465,2.63,50.97,2.423,19.542,1.259,0.793,-2.024,69.546,3.369,5.39,140.2,0.358,3.072,5.75,95.47394562,-2.39
Q2-19,NTPC.ns,14.331,38.284,3.3,38.348,3.037,22.477,1.259,0.793,-1.904,70.429,2.064,4.61,132.8,-3.277,3.473,5.4,87.43231201,-8.42
Q3-19,NTPC.ns,12.747,39.459,3.03,40.396,2.789,22.058,1.259,0.793,-1.966,71.228,2.618,3.28,136.933,-3.455,5.835,5.15,80.29328918,-8.17
Q4-19,NTPC.ns,4.597,39.75,1.27,88.858,1.103,22.831,1.414,1.01,47.678,72.384,2.877,3.01,136.433,-7.753,6.668,4.4,79.60285187,-0.86
Q1-14,ONGC.ns,21.988,98.468,5.59,38.772,3.497,33.095,0,1.564,2.02,59.797,1.956,8.02,117.9,5.803,7.85,8,176.9092407,-12.78
Q2-14,ONGC.ns,26.742,96.004,6.36,41.441,3.982,38.975,0,1.564,1.892,60.606,2.088,8.7,114.733,5.389,6.675,8,151.5116882,-14.36
Q3-14,ONGC.ns,19.082,96.54,4.17,64.772,2.612,27.613,0,1.564,1.739,61.933,1.797,5.92,116.6,8.836,4.051,8,156.1672516,3.07
Q4-14,ONGC.ns,18.472,98.134,4.6,50.92,2.721,29.373,0.01,1.573,1.938,62.238,2.345,7.11,118.567,0.339,5.272,7.5,114.7564468,-26.52
Q1-15,ONGC.ns,23.861,97.732,6.27,32.323,3.713,37.901,0.01,1.573,2.047,63.471,2.663,7.59,120.467,2.177,5.092,7.25,112.2867508,-2.15
Q2-15,ONGC.ns,22.953,95.701,5.47,33.236,3.237,34.912,0.01,1.573,1.856,64.975,1.915,8.03,117.533,2.44,3.949,6.75,95.00240326,-15.39
Q3-15,ONGC.ns,8.033,95.048,1.14,144.415,1.014,32.105,0.01,1.573,1.66,65.924,3.235,7.2,114.933,-1.429,5.339,6.75,103.151741,8.58
Q4-15,ONGC.ns,28.48,94.778,3.6,41.898,2.79,40.913,0,1.721,1.259,67.504,2.531,9.09,125.2,5.595,5.259,6.75,116.0770035,12.53
Q1-16,ONGC.ns,23.953,95.798,4.95,29.259,2.553,37.595,0,1.721,1.37,66.891,1.33,8.68,126.467,7.601,5.667,6.5,143.8497925,23.93
Q2-16,ONGC.ns,27.205,96.156,5.81,25.255,3.001,40.347,0,1.721,1.418,66.962,3.084,9.67,123.033,7.048,5.163,6.5,146.9443665,2.15
Q3-16,ONGC.ns,21.834,95.434,3.39,56.421,2.625,32.902,0,1.721,1.546,67.425,2.889,8.58,121.433,-3.009,3.749,6.25,135.9162292,-7.5
Q4-16,ONGC.ns,19.988,92.835,3.38,59.926,2.339,26.975,0,1.555,2.034,67.011,1.898,6.29,128.967,-7.683,3.569,6.25,120.5200653,-11.33
Q1-17,ONGC.ns,20.367,95.388,3.03,61.568,2.094,32.583,0,1.555,1.787,64.458,2.079,6.11,128.733,1.792,2.202,6.25,138.7190247,15.1
Q2-17,ONGC.ns,27.054,96.412,4,42.35,2.765,39.872,0,1.555,1.777,64.288,2.954,5.32,126.067,2.465,2.976,6,147.6424561,6.43
Q3-17,ONGC.ns,21.807,95.929,3.91,48.875,2.703,33.875,0,1.555,2.154,64.729,1.18,6.67,131.767,8.509,4.555,6,139.4880219,-5.52
Q4-17,ONGC.ns,24.677,95.19,4.61,44.132,3.059,36.857,0.132,0.436,-0.861,64.344,1.575,8.93,139.7,15.966,4.594,6,142.9229279,2.46
Q1-18,ONGC.ns,22.577,96.375,4.79,37.693,3.177,38.053,0.132,0.436,-0.977,66.99,2.6,7.56,139.7,8.323,4.791,6.25,111.3695374,-22.08
Q2-18,ONGC.ns,29.528,96.228,6.44,25.73,4.274,47.64,0.132,0.436,-1.005,70.152,2.065,6.49,137.3,6.655,3.854,6.5,118.9209061,6.78
Q3-18,ONGC.ns,29.836,95.372,6.44,23.797,4.273,45.655,0.132,0.436,-0.995,72.073,2.141,6.33,141.833,12.507,2.604,6.5,142.6202393,19.93
Q4-18,ONGC.ns,15.115,94.619,3.18,44.418,1.992,22.845,0.106,0.608,-1.46,70.478,1.856,5.84,147.9,12.244,2.465,6.25,101.1643906,-29.07
Q1-19,ONGC.ns,22.234,95.355,4.69,36.077,2.909,36.541,0.106,0.608,-1.449,69.546,3.369,5.39,140.2,0.358,3.072,5.75,110.6551132,9.38
Q2-19,ONGC.ns,25.571,94.6,4.98,27.882,3.085,39.686,0.106,0.608,-1.336,70.429,2.064,4.61,132.8,-3.277,3.473,5.4,77.22760773,-30.21
Q3-19,ONGC.ns,17.51,95.231,3.3,42.939,2.045,27.941,0.106,0.608,-1.294,71.228,2.618,3.28,136.933,-3.455,5.835,5.15,69.87860107,-9.52
Q4-19,ONGC.ns,-14.44,92.228,-2.46,-44.289,-1.594,8.746,0.072,0.665,-1.58,72.384,2.877,3.01,136.433,-7.753,6.668,4.4,73.93851471,5.81
Q1-14,RELIANCE.ns,5.649,14.565,20.3,22.833,2.975,7.818,0.674,1.312,2.914,59.797,1.956,8.02,117.9,5.803,7.85,8,466.8068542,-0.71
Q2-14,RELIANCE.ns,5.395,14.986,20.3,24.557,2.982,8.018,0.674,1.312,3.057,60.606,2.088,8.7,114.733,5.389,6.675,8,402.7597961,-13.72
Q3-14,RELIANCE.ns,5.55,16.622,17.8,27.841,2.613,8.634,0.674,1.312,2.604,61.933,1.797,5.92,116.6,8.836,4.051,8,412.8576355,2.51
Q4-14,RELIANCE.ns,9.628,24.217,21.7,20.891,2.973,13.714,0.681,0.986,-34.145,62.238,2.345,7.11,118.567,0.339,5.272,7.5,407.6056213,-1.27
Q1-15,RELIANCE.ns,7.722,20.985,20.5,20.835,2.708,11.476,0.681,0.986,-38.773,63.471,2.663,7.59,120.467,2.177,5.092,7.25,460.562439,12.99
Q2-15,RELIANCE.ns,13.131,23.287,31.7,15.654,4.227,11.259,0.681,0.986,-35.593,64.975,1.915,8.03,117.533,2.44,3.949,6.75,460.3481445,-0.05
Q3-15,RELIANCE.ns,10.852,24.307,24.6,19.081,3.353,16.001,0.681,0.986,-34.164,65.924,3.235,7.2,114.933,-1.429,5.339,6.75,456.1572876,-0.91
Q4-15,RELIANCE.ns,11.989,29.439,24.33,21.078,3.091,16.939,0.713,0.69,-1.041,67.504,2.531,9.09,125.2,5.595,5.259,6.75,510.0457458,11.81
Q1-16,RELIANCE.ns,10.908,26.306,24.1,20.197,3.062,16.735,0.713,0.69,-1.133,66.891,1.33,8.68,126.467,7.601,5.667,6.5,476.3875122,-6.6
Q2-16,RELIANCE.ns,9.446,22.93,24.4,20.602,3.107,14.174,0.713,0.69,-1.328,66.962,3.084,9.67,123.033,7.048,5.163,6.5,595.7189331,25.05
Q3-16,RELIANCE.ns,9.529,23.947,25.4,20.572,3.268,14.476,0.713,0.69,-1.384,67.425,2.889,8.58,121.433,-3.009,3.749,6.25,645.1116333,8.29
Q4-16,RELIANCE.ns,9.5,22.956,27.27,18.984,3.056,12.75,0.697,0.624,-0.958,67.011,1.898,6.29,128.967,-7.683,3.569,6.25,767.2338867,18.93
Q1-17,RELIANCE.ns,10.86,23.78,30.78,22.451,3.438,13.946,0.697,0.624,-0.943,64.458,2.079,6.11,128.733,1.792,2.202,6.25,893.3571777,16.44
Q2-17,RELIANCE.ns,8.836,25.799,13.67,58.524,3.065,14.861,0.697,0.624,-1.034,64.288,2.954,5.32,126.067,2.465,2.976,6,925.3475342,3.58
Q3-17,RELIANCE.ns,9.424,27.279,15.98,58.324,3.567,15.305,0.697,0.624,-1.128,64.729,1.18,6.67,131.767,8.509,4.555,6,893.1633301,-3.48
Q4-17,RELIANCE.ns,8.097,23.355,15.93,59.779,3.226,13.531,0.619,0.586,-0.899,64.344,1.575,8.93,139.7,15.966,4.594,6,1203.664429,34.76
Q1-18,RELIANCE.ns,7.359,23.79,15.97,59.753,3.228,13.41,0.619,0.586,-0.99,66.99,2.6,7.56,139.7,8.323,4.791,6.25,1138.811157,-5.39
Q2-18,RELIANCE.ns,6.662,24.203,16.06,73.155,3.253,11.951,0.619,0.586,-1.102,70.152,2.065,6.49,137.3,6.655,3.854,6.5,1200.748169,5.44
Q3-18,RELIANCE.ns,6.619,23.361,17.3,60.768,3.527,11.854,0.619,0.586,-1.202,72.073,2.141,6.33,141.833,12.507,2.604,6.5,1297.408813,8.05
Q4-18,RELIANCE.ns,7.421,27.439,17.49,69.504,2.676,13.385,0.702,0.731,-1.637,70.478,1.856,5.84,147.9,12.244,2.465,6.25,1217.817383,-6.13
Q1-19,RELIANCE.ns,6.444,24.637,17.05,80.922,2.613,12.39,0.702,0.731,-1.841,69.546,3.369,5.39,140.2,0.358,3.072,5.75,1521.347534,24.92
Q2-19,RELIANCE.ns,7.607,26.817,18.59,62.146,2.919,13.769,0.702,0.731,-1.742,70.429,2.064,4.61,132.8,-3.277,3.473,5.4,1303.122314,-14.34
Q3-19,RELIANCE.ns,7.693,24.992,18.36,79.009,3.044,13.374,0.702,0.731,-1.796,71.228,2.618,3.28,136.933,-3.455,5.835,5.15,1449.878662,11.26
Q4-19,RELIANCE.ns,4.826,26.876,16.75,83.486,1.464,14.374,0.649,0.625,-0.881,72.384,2.877,3.01,136.433,-7.753,6.668,4.4,2060.067383,42.09
Q1-14,SIEMENS.ns,0.561,13.083,0.37,1876.216,0.297,0.952,0,1.335,1.245,59.797,1.956,8.02,117.9,5.803,7.85,8,848.7177124,14.15
Q2-14,SIEMENS.ns,14.039,15.571,12.27,71.451,9.982,7.287,0,1.335,1.671,60.606,2.088,8.7,114.733,5.389,6.675,8,1242.795532,46.43
Q3-14,SIEMENS.ns,29.616,19.386,2.98,293.02,14.49,7.608,0,1.335,1.15,61.933,1.797,5.92,116.6,8.836,4.051,8,1289.495117,3.76
Q4-14,SIEMENS.ns,6.252,20.147,4.38,237.934,3.157,8.919,0,1.541,0.952,62.238,2.345,7.11,118.567,0.339,5.272,7.5,1191.741821,-7.58
Q1-15,SIEMENS.ns,7.246,19.824,4.72,288.305,3.282,10.86,0,1.541,0.854,63.471,2.663,7.59,120.467,2.177,5.092,7.25,1172.096802,-1.65
Q2-15,SIEMENS.ns,6.781,18.687,4.88,298.207,4.274,8.508,0,1.541,1.189,64.975,1.915,8.03,117.533,2.44,3.949,6.75,929.0093384,-20.74
Q3-15,SIEMENS.ns,4.913,20.344,3.13,424.042,2.171,7.565,0,1.541,0.833,65.924,3.235,7.2,114.933,-1.429,5.339,6.75,1139.112061,22.62
Q4-15,SIEMENS.ns,6.903,21.291,5.28,193.333,2.858,10.635,0,1.855,0.65,67.504,2.531,9.09,125.2,5.595,5.259,6.75,1197.619141,5.14
Q1-16,SIEMENS.ns,5.073,19.73,3.65,311.726,1.976,7.773,0,1.855,0.611,66.891,1.33,8.68,126.467,7.601,5.667,6.5,1050.356934,-12.3
Q2-16,SIEMENS.ns,82.498,19.626,4.84,272.417,37.481,8.812,0,1.855,0.713,66.962,3.084,9.67,123.033,7.048,5.163,6.5,1166.488892,11.06
Q3-16,SIEMENS.ns,7.161,20.927,4.49,263.63,2.431,11.085,0,1.855,0.533,67.425,2.889,8.58,121.433,-3.009,3.749,6.25,1328.027954,13.85
Q4-16,SIEMENS.ns,6.512,20.451,5.23,219.235,2.418,9.833,0,1.99,0.56,67.011,1.898,6.29,128.967,-7.683,3.569,6.25,1247.863525,-6.04
Q1-17,SIEMENS.ns,6.296,20.803,4.57,287.188,2.114,9.684,0,1.99,0.507,64.458,2.079,6.11,128.733,1.792,2.202,6.25,1163.038086,-6.8
Q2-17,SIEMENS.ns,20.487,20.414,5.65,257.549,8.096,10.835,0,1.99,0.597,64.288,2.954,5.32,126.067,2.465,2.976,6,1134.147827,-2.48
Q3-17,SIEMENS.ns,8.061,19.975,5.35,237.804,2.473,12.521,0,1.99,0.463,64.729,1.18,6.67,131.767,8.509,4.555,6,1020.666748,-10.01
Q4-17,SIEMENS.ns,6.946,20.214,6.17,210.997,2.645,10.676,0,1.954,0.585,64.344,1.575,8.93,139.7,15.966,4.594,6,995.6235962,-2.45
Q1-18,SIEMENS.ns,6.895,21.292,5.74,195.54,2.461,10.845,0,1.954,0.548,66.99,2.6,7.56,139.7,8.323,4.791,6.25,928.1584473,-6.78
Q2-18,SIEMENS.ns,7.344,44.722,7.84,126.122,3.362,11.686,0,1.954,0.703,70.152,2.065,6.49,137.3,6.655,3.854,6.5,968.4813843,4.34
Q3-18,SIEMENS.ns,8.339,43.821,6.4,145.578,2.745,12.472,0,1.954,0.506,72.073,2.141,6.33,141.833,12.507,2.604,6.5,1250.209106,29.09
Q4-18,SIEMENS.ns,8.098,43.303,7.87,130.889,3.099,12.593,0,2.119,0.528,70.478,1.856,5.84,147.9,12.244,2.465,6.25,1181.839844,-5.47
Q1-19,SIEMENS.ns,7.979,42.424,6.97,168.257,2.743,12.381,0,2.119,0.475,69.546,3.369,5.39,140.2,0.358,3.072,5.75,1445.240723,22.29
Q2-19,SIEMENS.ns,8.228,43.812,9.28,123.357,3.656,12.225,0,2.119,0.613,70.429,2.064,4.61,132.8,-3.277,3.473,5.4,1281.616577,-11.32
Q3-19,SIEMENS.ns,10.061,41.381,7.38,224.404,2.905,13.822,0,2.119,0.398,71.228,2.618,3.28,136.933,-3.455,5.835,5.15,1080.993042,-15.65
Q4-19,SIEMENS.ns,6.285,43.75,4.83,310.611,1.817,8.889,0,2.201,0.401,72.384,2.877,3.01,136.433,-7.753,6.668,4.4,1151.110718,6.49
Q1-14,TATAPOWER.ns,-0.764,36,-0.54,-144.63,-0.538,13.52,2.839,0.615,-1.045,59.797,1.956,8.02,117.9,5.803,7.85,8,76.32952118,8.69
Q2-14,TATAPOWER.ns,-0.387,37.21,-0.4,-244.375,-0.261,13.405,2.839,0.615,-1,60.606,2.088,8.7,114.733,5.389,6.675,8,71.65126038,-6.13
Q3-14,TATAPOWER.ns,3.424,36.368,0.62,151.371,2.419,16.961,2.839,0.615,-1.046,61.933,1.797,5.92,116.6,8.836,4.051,8,61.18671799,-14.6
Q4-14,TATAPOWER.ns,2.549,43.259,0.49,184.694,1.455,17.086,2.6,0.707,-1.318,62.238,2.345,7.11,118.567,0.339,5.272,7.5,49.69625854,-18.78
Q1-15,TATAPOWER.ns,4.843,28.951,1.02,74.314,2.426,21.186,2.6,0.707,-1.157,63.471,2.663,7.59,120.467,2.177,5.092,7.25,56.11536407,12.92
Q2-15,TATAPOWER.ns,-1.442,28.92,-0.46,-148.804,-0.767,19.964,2.6,0.707,-1.23,64.975,1.915,8.03,117.533,2.44,3.949,6.75,47.84836578,-14.73
Q3-15,TATAPOWER.ns,0.341,30.102,1.5,45.9,0.174,20.281,2.6,0.707,-1.18,65.924,3.235,7.2,114.933,-1.429,5.339,6.75,61.58494949,28.71
Q4-15,TATAPOWER.ns,4.633,25.013,1.25,48.08,2.906,14.62,3.181,0.639,-0.756,67.504,2.531,9.09,125.2,5.595,5.259,6.75,65.55142975,6.44
Q1-16,TATAPOWER.ns,-0.881,26.629,0.17,414.706,-0.515,16.873,3.181,0.639,-0.705,66.891,1.33,8.68,126.467,7.601,5.667,6.5,61.83544922,-5.67
Q2-16,TATAPOWER.ns,2.753,23.517,1.13,63.717,1.702,15.533,3.181,0.639,-0.745,66.962,3.084,9.67,123.033,7.048,5.163,6.5,70.13661957,13.42
Q3-16,TATAPOWER.ns,2.93,22.617,2.18,35.917,1.656,15.057,3.181,0.639,-0.681,67.425,2.889,8.58,121.433,-3.009,3.749,6.25,68.77804565,-1.94
Q4-16,TATAPOWER.ns,-8.084,21.517,-1.07,-74.579,-4.384,13.996,3.135,0.558,-0.457,67.011,1.898,6.29,128.967,-7.683,3.569,6.25,67.29209137,-2.16
Q1-17,TATAPOWER.ns,-2.276,27.792,-0.5,-168.6,-1.2,18.321,3.135,0.558,-0.444,64.458,2.079,6.11,128.733,1.792,2.202,6.25,81.77733612,21.53
Q2-17,TATAPOWER.ns,-2.062,24.558,0.76,107.895,-1.186,18.518,3.135,0.558,-0.485,64.288,2.954,5.32,126.067,2.465,2.976,6,72.96922302,-10.77
Q3-17,TATAPOWER.ns,2.76,17.84,2.15,39.488,1.452,10.11,3.135,0.558,-0.443,64.729,1.18,6.67,131.767,8.509,4.555,6,70.20589447,-3.79
Q4-17,TATAPOWER.ns,15.139,20.65,5.08,17.52,8.022,11.482,2.764,0.545,-0.458,64.344,1.575,8.93,139.7,15.966,4.594,6,66.2335968,-5.66
Q1-18,TATAPOWER.ns,18.681,24.022,6.07,14.547,9.169,17.228,2.764,0.545,-0.424,66.99,2.6,7.56,139.7,8.323,4.791,6.25,69.4836731,4.91
Q2-18,TATAPOWER.ns,-0.536,24.263,1.13,65.973,-0.265,17.058,2.764,0.545,-0.427,70.152,2.065,6.49,137.3,6.655,3.854,6.5,59.75960922,-13.99
Q3-18,TATAPOWER.ns,-0.623,20.779,-0.37,-206.892,-0.322,13.154,2.764,0.545,-0.447,72.073,2.141,6.33,141.833,12.507,2.604,6.5,62.81835175,5.12
Q4-18,TATAPOWER.ns,-1.734,19.779,0.12,594.167,-0.746,12.889,2.679,0.737,-0.962,70.478,1.856,5.84,147.9,12.244,2.465,6.25,51.81601334,-17.51
Q1-19,TATAPOWER.ns,-0.127,29.475,0.46,147.391,-0.059,23.047,2.679,0.737,-1.033,69.546,3.369,5.39,140.2,0.358,3.072,5.75,54.44015503,5.06
Q2-19,TATAPOWER.ns,2.054,28.915,0.78,77.628,0.938,23.806,2.679,0.737,-1.021,70.429,2.064,4.61,132.8,-3.277,3.473,5.4,44.33051682,-18.57
Q3-19,TATAPOWER.ns,0.928,24.725,0.5,118.6,0.391,16.944,2.679,0.737,-0.941,71.228,2.618,3.28,136.933,-3.455,5.835,5.15,34.69551086,-21.73
Q4-19,TATAPOWER.ns,2.418,24.294,1.32,44.015,0.886,16.095,2.465,0.861,-1.729,72.384,2.877,3.01,136.433,-7.753,6.668,4.4,55.76912308,60.74
Q1-14,ULTRACEMCO.ns,10.488,52.121,22.86,88.677,3.655,16.93,0.408,1.455,2.017,59.797,1.956,8.02,117.9,5.803,7.85,8,2417.699951,-2.22
Q2-14,ULTRACEMCO.ns,7.266,50.78,15.1,160.321,2.42,11.671,0.408,1.455,1.927,60.606,2.088,8.7,114.733,5.389,6.675,8,3042.063721,25.82
Q3-14,ULTRACEMCO.ns,6.877,51.12,14.57,174.911,2.335,13.056,0.408,1.455,1.965,61.933,1.797,5.92,116.6,8.836,4.051,8,2895.595703,-4.81
Q4-14,ULTRACEMCO.ns,10.078,53.901,23.95,131.121,3.45,17.314,0.397,0.798,-2.932,62.238,2.345,7.11,118.567,0.339,5.272,7.5,2812.385742,-2.87
Q1-15,ULTRACEMCO.ns,9.611,53.122,22.01,121.404,3.171,15.882,0.397,0.798,-2.826,63.471,2.663,7.59,120.467,2.177,5.092,7.25,2734.028564,-2.79
Q2-15,ULTRACEMCO.ns,7.425,57.077,17.87,176.226,2.576,12.588,0.397,0.798,-2.973,64.975,1.915,8.03,117.533,2.44,3.949,6.75,2702.355225,-1.16
Q3-15,ULTRACEMCO.ns,9.425,52.369,20.61,140.034,2.976,15.509,0.397,0.798,-2.705,65.924,3.235,7.2,114.933,-1.429,5.339,6.75,3149.493896,16.55
Q4-15,ULTRACEMCO.ns,12.004,54.526,29.81,95.273,3.73,17.975,0.336,0.907,-6.288,67.504,2.531,9.09,125.2,5.595,5.259,6.75,3932.304688,24.86
Q1-16,ULTRACEMCO.ns,11.928,56.09,28.43,111.201,3.553,19.94,0.336,0.907,-6.029,66.891,1.33,8.68,126.467,7.601,5.667,6.5,3527.014893,-10.31
Q2-16,ULTRACEMCO.ns,10.749,54.685,22.38,166.139,2.796,18.276,0.336,0.907,-5.265,66.962,3.084,9.67,123.033,7.048,5.163,6.5,3694.48584,4.75
Q3-16,ULTRACEMCO.ns,10.021,52.665,21.67,183.789,2.706,15.925,0.336,0.907,-5.466,67.425,2.889,8.58,121.433,-3.009,3.749,6.25,4106.213379,11.14
Q4-16,ULTRACEMCO.ns,10.343,53.112,26.45,139.677,2.977,17.398,0.305,1.6,1.405,67.011,1.898,6.29,128.967,-7.683,3.569,6.25,3915.545166,-4.64
Q1-17,ULTRACEMCO.ns,12.764,55.141,32.67,130.057,3.681,20.875,0.305,1.6,1.408,64.458,2.079,6.11,128.733,1.792,2.202,6.25,4124.698242,5.34
Q2-17,ULTRACEMCO.ns,6.109,50.113,15.4,263.435,1.737,14.823,0.305,1.6,1.388,64.288,2.954,5.32,126.067,2.465,2.976,6,4077.405273,-1.15
Q3-17,ULTRACEMCO.ns,5.687,48.927,16.62,264.804,1.87,12.438,0.305,1.6,1.605,64.729,1.18,6.67,131.767,8.509,4.555,6,3674.43335,-9.88
Q4-17,ULTRACEMCO.ns,4.736,51.496,16.25,269.662,1.691,14.714,0.706,0.995,-174.04,64.344,1.575,8.93,139.7,15.966,4.594,6,4391.286621,19.51
Q1-18,ULTRACEMCO.ns,7.09,49.988,23.01,178.568,2.392,14.117,0.706,0.995,-164.422,66.99,2.6,7.56,139.7,8.323,4.791,6.25,3934.986084,-10.39
Q2-18,ULTRACEMCO.ns,3.847,47.177,12.47,336.311,1.349,10.163,0.706,0.995,-170.871,70.152,2.065,6.49,137.3,6.655,3.854,6.5,3764.635742,-4.33
Q3-18,ULTRACEMCO.ns,4.156,46.865,14.33,244.201,1.479,10.562,0.706,0.995,-173.464,72.073,2.141,6.33,141.833,12.507,2.604,6.5,4683.14209,24.4
Q4-18,ULTRACEMCO.ns,9.482,50.475,37.63,93.525,3.646,17.525,0.857,0.834,-4.228,70.478,1.856,5.84,147.9,12.244,2.465,6.25,3986.735596,-14.87
Q1-19,ULTRACEMCO.ns,11.866,53.804,44.01,104.903,4.258,22.011,0.857,0.834,-3.946,69.546,3.369,5.39,140.2,0.358,3.072,5.75,4200.980469,5.37
Q2-19,ULTRACEMCO.ns,6.016,50.144,20.08,216.479,2.041,14.587,0.857,0.834,-3.73,70.429,2.064,4.61,132.8,-3.277,3.473,5.4,4162.019531,-0.93
Q3-19,ULTRACEMCO.ns,6.868,50.544,24.68,167.877,2.507,14.18,0.857,0.834,-4.015,71.228,2.618,3.28,136.933,-3.455,5.835,5.15,3851.564697,-7.46
Q4-19,ULTRACEMCO.ns,30.16,54.405,112.43,39.279,8.301,18.317,0.55,0.888,-5.78,72.384,2.877,3.01,136.433,-7.753,6.668,4.4,3850.578369,-0.03
